Education,JoiningYear,City,PaymentTier,Age,Gender,EverBenched,ExperienceInCurrentDomain,LeaveOrNot,Salary
Bachelors,2017,Bangalore,3,34,Male,No,0,0,171369
Bachelors,2013,Pune,1,28,Female,No,3,1,136993
Bachelors,2014,New Delhi,3,38,Female,No,2,0,113807
Masters,2016,Bangalore,3,27,Male,No,5,1,166478
Masters,2017,,3,24,Male,Yes,2,1,393136
Bachelors,2016,Bangalore,3,22,Male,No,0,0,312935
Bachelors,2015,New Delhi,3,38,Male,No,0,0,364676
Bachelors,2016,Bangalore,3,34,Female,No,2,1,156724
Bachelors,2016,Pune,3,23,Male,No,1,0,52173
Masters,2017,New Delhi,2,37,Male,No,2,0,324468
Masters,2012,Bangalore,3,27,Male,No,5,1,67368
Bachelors,2016,Pune,3,34,Male,No,3,0,
Bachelors,2018,Pune,3,32,Male,Yes,5,1,324620
Bachelors,2016,Bangalore,3,39,Male,No,2,0,347303
Bachelors,2012,Bangalore,3,37,,No,4,0,315270
Bachelors,2017,Bangalore,1,29,Male,No,3,0,144971
Bachelors,2014,,3,34,Female,No,2,0,184761
Bachelors,2014,Pune,3,34,Male,No,4,0,
Bachelors,2015,Pune,2,30,Female,No,0,1,299527
Bachelors,2016,,2,22,,No,0,1,245955
Bachelors,2012,Bangalore,3,37,Male,No,0,0,126582
Masters,2017,New Delhi,2,28,Male,No,4,0,106960
Bachelors,2017,New Delhi,2,36,Male,No,3,0,67213
Bachelors,2015,Bangalore,3,27,Male,Yes,5,0,363187
Bachelors,2017,Bangalore,3,29,Male,No,4,0,306694
Bachelors,2013,Bangalore,3,22,Female,Yes,0,0,354908
Bachelors,2016,Bangalore,3,37,Male,No,2,0,112757
Bachelors,2015,Bangalore,3,23,Male,No,1,0,240586
Bachelors,2013,Pune,2,31,Female,No,2,1,389566
Masters,2017,New Delhi,2,30,Female,No,2,0,268792
PHD,2013,New Delhi,3,25,Male,No,3,0,167331
Bachelors,2014,Bangalore,3,23,Male,No,1,0,153256
Bachelors,2018,Bangalore,3,26,Male,No,4,1,225508
Bachelors,2016,Bangalore,3,40,Male,No,5,0,108998
Bachelors,2017,Pune,2,37,Female,No,0,1,357586
Bachelors,2014,Bangalore,1,30,Female,No,3,0,191886
Bachelors,2012,New Delhi,3,29,Male,No,3,0,365943
Bachelors,2018,New Delhi,2,34,Female,No,0,1,361903
Bachelors,2017,Pune,2,29,Female,No,2,1,210348
Bachelors,2014,Pune,3,30,Male,Yes,4,0,94671
Bachelors,2015,Bangalore,3,36,Male,No,1,0,306481
Masters,2017,New Delhi,2,23,Male,No,1,0,197356
Bachelors,2013,Bangalore,3,30,Male,No,3,1,273308
Bachelors,2014,Bangalore,3,36,Male,No,0,0,84643
Bachelors,2015,Pune,3,39,Male,No,4,0,174209
Bachelors,2014,Bangalore,3,23,Female,No,1,0,111450
PHD,2012,New Delhi,3,27,Male,No,5,0,122189
Masters,2013,New Delhi,3,35,Male,No,2,0,314413
Masters,2017,New Delhi,2,34,Male,No,0,0,375917
Bachelors,2013,Bangalore,3,30,Female,No,1,0,253283
PHD,2017,New Delhi,3,34,Male,No,2,0,352955
Bachelors,2015,Pune,2,26,Female,No,4,1,157006
Bachelors,2016,Bangalore,3,34,Female,No,0,0,265231
Bachelors,2014,Bangalore,3,31,Female,Yes,5,0,226083
Bachelors,2017,New Delhi,3,31,Female,Yes,5,0,377090
PHD,2013,New Delhi,3,28,Male,No,2,0,55650
Bachelors,2016,Bangalore,3,38,Male,No,2,0,105529
Masters,2014,Pune,3,39,Female,No,2,0,185162
Bachelors,2013,Pune,3,32,Male,No,4,0,294629
Masters,2017,Pune,2,36,Male,No,2,1,215804
Masters,2013,New Delhi,3,29,Male,No,3,0,375674
Bachelors,2015,Bangalore,3,30,Male,No,5,0,272796
PHD,2013,Bangalore,2,25,Male,No,3,1,199138
Bachelors,2014,Pune,1,22,Female,No,0,1,183393
Bachelors,2016,Bangalore,3,34,Male,No,4,0,349017
Bachelors,2018,Bangalore,3,40,Male,No,1,1,140304
PHD,2013,Bangalore,3,26,Male,No,4,0,279739
Bachelors,2014,New Delhi,3,28,Male,No,0,0,291452
Bachelors,2015,Bangalore,3,24,Female,No,2,0,309512
Masters,2017,Bangalore,3,40,Female,No,2,1,187871
Bachelors,2018,Bangalore,3,23,Female,No,1,1,397163
Masters,2017,Bangalore,3,31,Male,No,4,0,203811
Bachelors,2014,Pune,3,25,Female,No,3,0,158876
Bachelors,2014,Bangalore,1,27,Male,No,5,0,50680
Masters,2017,New Delhi,2,25,Female,No,3,1,162898
Bachelors,2015,Bangalore,3,40,Male,No,0,1,72962
Bachelors,2014,Bangalore,1,23,Female,No,1,0,53324
Bachelors,2017,Bangalore,3,23,Female,No,1,0,176206
Bachelors,2012,Bangalore,3,39,Male,No,1,0,226034
PHD,2015,New Delhi,1,37,Male,No,1,0,94519
Bachelors,2017,Pune,3,38,Male,No,2,0,199171
Bachelors,2013,Bangalore,3,31,Female,No,0,1,77681
Bachelors,2016,Bangalore,3,38,Male,No,5,0,97829
Bachelors,2017,Bangalore,3,25,Female,No,3,0,88782
Bachelors,2015,Bangalore,3,27,Female,Yes,5,1,246610
Bachelors,2016,Pune,2,36,Male,No,0,1,397693
Bachelors,2017,Pune,2,27,Female,No,5,1,153951
Masters,2015,Pune,2,32,Female,No,4,0,55866
Bachelors,2014,Bangalore,3,28,Male,No,4,0,168396
Masters,2012,New Delhi,3,32,Male,No,2,0,174862
Bachelors,2018,Bangalore,3,30,Male,No,0,1,359793
Bachelors,2015,New Delhi,3,22,Male,No,0,0,198102
Bachelors,2017,New Delhi,2,34,Female,No,5,0,142250
Masters,2013,New Delhi,3,36,Male,No,2,0,150898
Bachelors,2014,Bangalore,3,39,Male,No,3,1,146639
PHD,2018,Bangalore,3,26,Male,No,4,1,310428
Bachelors,2016,Bangalore,3,31,Female,No,0,0,276983
Bachelors,2014,Bangalore,3,27,Male,No,5,1,325750
Bachelors,2014,Bangalore,3,29,Female,No,0,0,349097
Bachelors,2015,Bangalore,3,24,Female,No,2,1,296168
Masters,2012,Pune,3,25,Male,No,3,1,100490
Bachelors,2013,Pune,3,25,Male,No,3,0,323885
Masters,2017,New Delhi,3,26,Female,No,4,1,369218
Bachelors,2015,Pune,2,28,Female,Yes,1,1,117039
Bachelors,2017,New Delhi,3,28,Male,No,2,0,178073
Masters,2015,Pune,1,28,Female,No,3,1,308692
Masters,2015,New Delhi,3,25,Male,No,3,0,235343
Bachelors,2017,Bangalore,3,28,Male,No,1,0,76317
Masters,2013,Pune,3,25,Male,No,3,0,162259
Bachelors,2015,Bangalore,2,25,Female,No,3,1,357544
Bachelors,2015,Bangalore,3,27,Female,No,5,0,121854
Bachelors,2017,Pune,2,27,Female,No,5,1,390874
Bachelors,2013,Bangalore,3,27,Male,No,5,1,227292
Bachelors,2012,Bangalore,3,25,Male,No,3,0,259879
Masters,2017,New Delhi,2,28,Male,No,2,0,237053
Bachelors,2014,Pune,1,26,Female,No,4,1,356184
Bachelors,2015,Bangalore,3,28,Male,No,2,0,177309
Masters,2013,New Delhi,3,26,Male,No,4,0,325734
Bachelors,2017,Bangalore,3,26,Female,No,4,0,223626
Bachelors,2017,New Delhi,2,25,Male,No,3,0,311084
Bachelors,2012,Bangalore,1,28,Female,No,3,0,220674
PHD,2015,New Delhi,3,26,Male,No,4,0,368224
Bachelors,2015,New Delhi,3,25,Female,No,3,0,251581
Bachelors,2012,Bangalore,3,26,Male,No,4,1,302787
Bachelors,2014,Bangalore,3,28,Female,No,3,0,57612
Masters,2014,Pune,3,24,Male,No,2,0,104913
Bachelors,2013,Bangalore,3,28,Male,No,1,0,385156
Bachelors,2015,Pune,3,27,Male,No,5,0,67779
Bachelors,2018,Bangalore,3,25,Male,No,3,1,255267
Masters,2013,Pune,1,24,Male,No,2,1,314975
Bachelors,2017,Bangalore,3,26,Female,No,4,0,310804
Bachelors,2013,Bangalore,3,28,Male,No,1,1,211422
Masters,2016,New Delhi,3,27,Male,No,5,0,205645
Masters,2017,Bangalore,3,26,Male,No,4,0,290477
Masters,2017,New Delhi,2,24,Male,No,2,0,247027
Masters,2018,New Delhi,3,26,Male,No,4,1,173298
Masters,2017,New Delhi,1,25,Female,No,3,1,275895
Bachelors,2012,Pune,3,28,Male,No,2,0,146424
Bachelors,2017,New Delhi,3,28,Male,No,2,0,329666
Bachelors,2013,Bangalore,3,26,Male,No,4,0,268561
Masters,2013,New Delhi,3,27,Male,No,5,1,220703
Bachelors,2017,Pune,2,24,Female,No,2,1,66471
Bachelors,2017,New Delhi,3,28,Female,No,2,0,73354
Bachelors,2016,Bangalore,3,26,Male,No,4,0,270293
Bachelors,2013,Bangalore,3,27,Female,No,5,0,218193
Masters,2015,Pune,2,28,Female,No,3,0,330403
Bachelors,2014,Bangalore,3,25,Male,No,3,0,60425
Bachelors,2016,Pune,3,28,Male,No,1,0,66579
Masters,2013,Bangalore,1,25,Male,No,3,1,246709
Bachelors,2015,Pune,3,26,Male,No,4,0,330600
Bachelors,2018,New Delhi,3,27,Female,No,5,1,341416
Bachelors,2016,Bangalore,3,24,Male,No,2,1,58276
Bachelors,2012,Pune,2,24,Female,No,2,1,91302
Bachelors,2014,Bangalore,3,26,Male,No,4,0,172795
Bachelors,2016,Pune,2,24,Female,No,2,1,247882
Masters,2012,New Delhi,3,26,Female,No,4,0,357518
Bachelors,2013,Bangalore,3,28,Female,No,3,0,392062
Bachelors,2012,Bangalore,3,24,Male,No,2,1,173834
Bachelors,2015,Bangalore,3,25,Male,No,3,1,111076
Bachelors,2016,Bangalore,3,28,Male,No,3,0,393292
Bachelors,2014,Bangalore,3,28,Female,No,3,0,193946
Bachelors,2013,Bangalore,3,26,Female,No,4,0,383571
Masters,2017,New Delhi,3,24,Female,No,2,1,236207
Bachelors,2016,Bangalore,3,25,Male,No,3,1,372451
Bachelors,2015,Bangalore,3,25,Male,No,3,0,210057
Bachelors,2014,Bangalore,3,27,Male,No,5,0,375679
Bachelors,2012,Bangalore,3,24,Male,No,2,0,214371
Bachelors,2014,Bangalore,3,25,Male,No,3,0,233896
Bachelors,2015,Bangalore,3,28,Male,No,3,0,51427
Masters,2015,New Delhi,3,26,Male,No,4,1,259269
Bachelors,2014,New Delhi,3,28,Female,No,1,0,152254
Bachelors,2015,Pune,3,25,Male,No,3,0,378730
Masters,2015,Pune,2,28,Female,No,2,0,226862
Bachelors,2014,Bangalore,3,27,Female,No,5,0,144074
Bachelors,2013,Bangalore,3,26,Male,No,4,0,79661
Bachelors,2016,Bangalore,3,26,Male,No,4,0,281165
Bachelors,2012,Bangalore,3,25,Male,No,3,0,338476
Bachelors,2015,Bangalore,3,25,Male,No,3,0,344919
Bachelors,2014,New Delhi,3,24,Female,No,2,0,244709
Bachelors,2012,Bangalore,3,27,Male,No,5,1,290999
Masters,2017,New Delhi,3,27,Male,No,5,1,142800
Bachelors,2015,Pune,3,27,Male,No,5,0,194177
Bachelors,2018,Bangalore,3,24,Male,No,2,1,313464
Masters,2017,New Delhi,3,27,Male,No,5,1,222758
Masters,2017,New Delhi,2,28,Female,No,1,1,105300
Masters,2017,Pune,2,24,Male,No,2,1,313411
Masters,2016,New Delhi,3,25,Female,No,3,1,257781
PHD,2015,New Delhi,3,28,Female,No,1,0,337050
Bachelors,2017,New Delhi,2,26,Male,No,4,0,227325
Bachelors,2013,Bangalore,2,27,Male,No,5,0,74205
Bachelors,2015,Bangalore,3,26,Male,No,4,0,364731
Bachelors,2015,Bangalore,3,26,Male,No,4,0,156297
Bachelors,2013,Bangalore,3,28,Male,No,1,0,105869
Bachelors,2015,Bangalore,3,27,Female,No,5,0,81548
Bachelors,2013,New Delhi,3,25,Female,No,3,0,312079
Bachelors,2013,Pune,3,28,Male,No,1,0,377677
Bachelors,2017,Pune,3,24,Male,No,2,0,325898
Bachelors,2013,New Delhi,3,27,Female,No,5,0,382229
Bachelors,2015,Bangalore,3,28,Male,Yes,2,0,180165
Bachelors,2015,Pune,3,28,Male,No,3,0,320309
Bachelors,2014,Pune,2,25,Female,No,3,1,395285
Bachelors,2014,Bangalore,3,25,Male,No,3,0,269011
Bachelors,2017,Bangalore,3,27,Male,No,5,0,363468
Bachelors,2014,Pune,2,26,Female,No,4,1,199954
PHD,2013,New Delhi,3,24,Male,No,2,0,303194
Bachelors,2015,Pune,2,26,Female,No,4,1,236355
Bachelors,2017,Bangalore,3,25,Male,No,3,0,361156
Masters,2013,Pune,2,27,Male,No,5,1,374083
Masters,2017,Bangalore,3,28,Male,No,2,0,392896
Bachelors,2012,Bangalore,3,25,Male,No,3,1,380409
Bachelors,2017,Bangalore,3,27,Male,No,5,0,295106
Masters,2017,Pune,2,27,Female,No,5,0,342250
Masters,2013,Bangalore,2,28,Female,No,2,1,196231
Masters,2017,Pune,3,28,Male,No,1,1,310720
Bachelors,2018,Bangalore,3,27,Female,No,5,1,180121
Bachelors,2014,New Delhi,3,25,Female,No,3,0,399598
Masters,2017,New Delhi,3,27,Male,No,5,1,268390
Masters,2013,New Delhi,3,26,Male,No,4,1,349290
Bachelors,2013,Pune,2,25,Female,No,3,1,322880
Masters,2012,New Delhi,3,26,Male,No,4,1,79100
Bachelors,2016,Bangalore,3,25,Male,No,3,1,83817
Bachelors,2013,Pune,2,26,Male,No,4,0,307244
Bachelors,2018,Bangalore,3,28,Female,No,2,1,190867
Bachelors,2013,Bangalore,3,27,Male,No,5,0,101286
Bachelors,2015,Pune,1,24,Female,Yes,2,1,304365
Bachelors,2013,Pune,3,28,Male,No,2,0,307577
Bachelors,2015,Pune,2,27,Female,Yes,5,1,241683
Bachelors,2018,Bangalore,3,25,Male,No,3,1,262023
Bachelors,2014,Pune,2,27,Female,No,5,1,151553
Bachelors,2013,Pune,3,24,Male,No,2,0,330765
Bachelors,2014,Pune,3,24,Male,No,2,0,260258
PHD,2015,New Delhi,2,25,Female,No,3,0,50135
Bachelors,2014,Bangalore,3,26,Male,Yes,4,0,146207
Bachelors,2018,Bangalore,3,24,Male,No,2,1,183386
Masters,2015,Pune,2,25,Female,No,3,0,280709
Bachelors,2015,Bangalore,3,24,Male,No,2,0,122952
Bachelors,2014,New Delhi,3,24,Female,No,2,0,276012
Masters,2017,Bangalore,2,26,Female,No,4,1,390327
Bachelors,2012,New Delhi,3,28,Male,No,1,0,199912
Masters,2017,Pune,2,26,Female,No,4,0,52750
Bachelors,2016,Pune,3,25,Male,No,3,0,69671
Bachelors,2017,New Delhi,3,24,Male,No,2,1,292985
Bachelors,2013,Pune,2,28,Female,No,3,1,121607
Bachelors,2014,Bangalore,3,25,Female,No,3,1,357652
Bachelors,2014,Bangalore,3,25,Male,No,3,0,305644
Bachelors,2014,Pune,2,24,Female,No,2,1,216069
Bachelors,2015,Bangalore,3,28,Male,No,2,1,287647
Bachelors,2015,Bangalore,3,27,Male,No,5,0,190251
Bachelors,2016,Pune,3,26,Male,No,4,0,369820
Masters,2015,New Delhi,3,26,Female,No,4,1,392655
Bachelors,2016,Bangalore,1,28,Female,No,2,0,164055
Bachelors,2014,Bangalore,3,25,Male,Yes,3,0,66346
Bachelors,2014,Bangalore,3,27,Male,No,5,0,93338
Bachelors,2017,Bangalore,3,28,Male,No,2,0,349377
Masters,2018,New Delhi,3,24,Female,Yes,2,1,174550
Bachelors,2017,Pune,2,25,Male,No,3,0,278432
Bachelors,2018,Pune,2,24,Female,No,2,1,242035
Masters,2017,New Delhi,2,28,Female,No,1,0,386466
Bachelors,2013,New Delhi,1,27,Female,No,5,0,203564
Bachelors,2017,New Delhi,2,27,Female,No,5,0,385822
Bachelors,2017,Bangalore,3,28,Male,No,1,0,153118
Bachelors,2016,Pune,2,27,Female,No,5,1,251068
Masters,2018,Bangalore,3,24,Male,No,2,1,371360
Bachelors,2012,Pune,1,26,Male,No,4,0,171926
Bachelors,2016,Bangalore,3,26,Male,No,4,0,235781
Masters,2016,New Delhi,1,27,Male,No,5,0,257272
Bachelors,2015,New Delhi,3,26,Female,No,4,0,139962
Bachelors,2012,Bangalore,3,27,Male,Yes,5,0,90326
Bachelors,2013,Bangalore,3,24,Male,Yes,2,1,280876
Bachelors,2018,Bangalore,3,26,Female,No,4,1,304047
Masters,2017,Pune,2,26,Female,No,4,1,84512
Masters,2017,New Delhi,2,28,Female,No,2,0,381862
Bachelors,2013,Pune,3,28,Male,No,1,0,65455
Masters,2013,New Delhi,3,25,Male,No,3,0,71807
Bachelors,2018,Bangalore,3,28,Female,Yes,1,1,237167
Bachelors,2013,Pune,3,27,Female,No,5,1,361599
Bachelors,2012,Bangalore,3,25,Male,No,3,0,245814
Bachelors,2014,Bangalore,3,28,Male,No,1,0,374597
Bachelors,2017,New Delhi,3,28,Female,No,3,0,206049
Masters,2017,New Delhi,2,28,Male,Yes,2,0,215670
Bachelors,2014,Bangalore,3,25,Male,No,3,0,294517
Masters,2017,New Delhi,3,26,Male,No,4,0,52048
Bachelors,2015,Pune,1,25,Female,No,3,1,191424
Masters,2013,New Delhi,3,27,Male,No,5,0,245123
PHD,2014,Bangalore,3,24,Female,No,2,0,347231
Masters,2017,New Delhi,2,27,Female,No,5,0,202948
Bachelors,2018,Bangalore,3,26,Male,No,4,1,380990
Bachelors,2012,Bangalore,3,26,Male,No,4,0,68360
Masters,2015,Pune,3,27,Female,No,5,1,112494
Bachelors,2018,Bangalore,3,26,Male,No,4,1,278411
Bachelors,2016,Bangalore,3,24,Male,No,2,0,64900
Masters,2017,New Delhi,2,25,Female,No,3,0,91972
Bachelors,2017,New Delhi,2,28,Male,No,1,0,330764
Bachelors,2012,New Delhi,3,27,Female,No,5,0,148945
Masters,2013,New Delhi,3,26,Male,No,4,1,66098
Bachelors,2015,Bangalore,3,26,Female,Yes,4,1,396811
Bachelors,2014,Pune,3,28,Male,No,2,0,311506
Bachelors,2016,Bangalore,3,24,Female,No,2,1,96054
Bachelors,2012,Bangalore,3,28,Male,No,3,0,261916
Bachelors,2012,Bangalore,3,27,Male,No,5,0,188133
Bachelors,2013,Bangalore,3,26,Male,No,4,0,213809
Bachelors,2014,New Delhi,3,28,Female,No,1,0,335837
Bachelors,2014,New Delhi,3,27,Female,Yes,5,0,143269
Bachelors,2015,Pune,3,26,Female,Yes,4,1,180329
Masters,2014,New Delhi,3,26,Male,No,4,1,254839
PHD,2015,New Delhi,3,25,Female,No,3,0,171306
Masters,2015,New Delhi,3,25,Male,No,3,0,246657
Bachelors,2012,Pune,3,27,Male,No,5,0,394789
Masters,2017,New Delhi,2,24,Female,No,2,0,115363
Bachelors,2016,Bangalore,3,24,Male,No,2,0,323341
Masters,2015,Pune,3,28,Female,No,2,0,119808
Bachelors,2017,Bangalore,3,24,Female,No,2,0,268037
Bachelors,2017,Pune,3,25,Male,No,3,0,385215
Bachelors,2017,Bangalore,1,25,Male,No,3,0,185450
Masters,2015,Pune,3,28,Female,No,2,0,267543
Bachelors,2017,Pune,3,26,Male,No,4,0,312022
Bachelors,2014,Pune,3,24,Male,No,2,0,61859
Bachelors,2014,Pune,3,25,Female,No,3,1,372289
Bachelors,2018,Pune,3,26,Female,No,4,1,125911
Bachelors,2016,Bangalore,3,27,Male,No,5,0,154624
Bachelors,2017,Bangalore,3,28,Female,No,2,0,203890
Bachelors,2012,Pune,3,28,Male,No,2,0,241759
Masters,2012,New Delhi,3,24,Female,No,2,1,62581
Bachelors,2013,Bangalore,3,26,Male,No,4,0,299959
Bachelors,2015,New Delhi,3,26,Female,Yes,4,0,170103
Bachelors,2017,Bangalore,3,28,Male,No,1,0,290488
Bachelors,2018,Pune,3,25,Male,Yes,3,1,289727
Masters,2017,New Delhi,3,24,Male,No,2,0,304635
Bachelors,2013,Bangalore,3,28,Male,No,2,1,331410
Bachelors,2017,Bangalore,3,24,Male,No,2,0,319412
Masters,2017,New Delhi,2,25,Female,No,3,1,278001
Bachelors,2013,Pune,2,28,Female,No,1,1,275837
Bachelors,2015,Bangalore,3,24,Female,No,2,0,93992
Bachelors,2016,Pune,3,26,Male,No,4,0,249361
Bachelors,2015,New Delhi,2,27,Female,No,5,1,167188
Bachelors,2018,Bangalore,3,24,Female,No,2,1,75875
Bachelors,2013,Bangalore,3,27,Female,No,5,0,285823
Bachelors,2013,Bangalore,3,24,Male,Yes,2,0,230387
Bachelors,2013,Bangalore,3,24,Female,No,2,0,233907
Bachelors,2013,Bangalore,3,27,Male,No,5,0,85581
Bachelors,2017,Bangalore,3,26,Female,No,4,0,243703
Bachelors,2015,Bangalore,3,24,Female,No,2,0,83374
Bachelors,2012,Pune,3,24,Female,No,2,1,288947
Bachelors,2016,Bangalore,3,24,Male,Yes,2,1,298273
Bachelors,2012,Bangalore,3,28,Male,No,3,0,69080
Bachelors,2017,New Delhi,2,27,Male,No,5,0,170800
Bachelors,2012,Pune,2,27,Female,No,5,1,283490
Masters,2017,Pune,2,27,Male,No,5,0,86344
Bachelors,2017,Pune,2,24,Male,No,2,1,165595
Bachelors,2016,Pune,1,26,Female,No,4,1,358036
Bachelors,2015,Pune,3,26,Female,No,4,1,187854
Bachelors,2016,Bangalore,3,25,Male,No,3,1,192677
Bachelors,2012,Pune,3,26,Male,No,4,0,337442
Bachelors,2017,Bangalore,3,28,Male,No,2,0,97716
Bachelors,2012,Bangalore,3,25,Male,No,3,0,259053
Bachelors,2017,Bangalore,3,25,Female,Yes,3,0,131878
Masters,2017,Pune,2,26,Male,No,4,0,84383
Masters,2017,Pune,3,28,Male,No,1,1,80612
Masters,2015,Pune,2,25,Female,No,3,1,225225
Bachelors,2017,New Delhi,2,26,Female,No,4,0,54834
Bachelors,2017,New Delhi,2,26,Male,No,4,0,363798
Bachelors,2016,Bangalore,3,27,Male,No,5,0,304849
Bachelors,2017,New Delhi,3,27,Female,No,5,0,87659
Bachelors,2015,New Delhi,3,24,Female,No,2,0,90907
Masters,2017,Bangalore,1,26,Female,No,4,1,277896
Bachelors,2017,New Delhi,1,28,Female,No,2,0,358363
Bachelors,2015,Bangalore,3,24,Male,No,2,0,255050
Masters,2015,Pune,2,25,Female,No,3,1,161332
Bachelors,2014,Bangalore,3,25,Female,No,3,0,301072
Bachelors,2014,Bangalore,3,28,Male,No,2,0,129217
Bachelors,2017,Bangalore,3,28,Male,No,3,0,124449
Masters,2015,New Delhi,1,27,Male,No,5,0,222343
Bachelors,2014,Pune,1,26,Female,No,4,1,114593
Masters,2018,Bangalore,3,25,Male,Yes,3,1,170213
Bachelors,2016,Bangalore,3,28,Female,No,3,0,323222
Bachelors,2018,New Delhi,3,26,Female,Yes,4,1,177936
Bachelors,2015,Pune,2,24,Female,No,2,1,76922
Bachelors,2017,Bangalore,3,27,Male,Yes,5,0,219781
Bachelors,2014,Bangalore,3,26,Male,No,4,0,187793
Bachelors,2014,Bangalore,3,24,Male,No,2,0,103907
Bachelors,2016,Bangalore,3,28,Male,No,2,0,358975
Bachelors,2015,Pune,2,25,Female,No,3,1,53577
Bachelors,2013,Pune,3,27,Male,No,5,0,369355
Bachelors,2015,Bangalore,3,28,Male,No,3,0,291122
Bachelors,2014,Bangalore,3,26,Male,No,4,0,56514
Bachelors,2012,Bangalore,3,24,Male,No,2,0,241530
Bachelors,2013,Bangalore,3,27,Male,No,5,0,101658
Bachelors,2015,Bangalore,3,26,Female,Yes,4,1,249896
Bachelors,2015,Pune,3,28,Male,No,2,0,372168
Bachelors,2014,New Delhi,2,24,Female,No,2,1,114956
Bachelors,2013,Bangalore,3,24,Male,No,2,0,322116
Bachelors,2018,Bangalore,3,28,Male,Yes,3,1,320170
Bachelors,2015,Pune,3,27,Male,No,5,0,334316
Bachelors,2014,Pune,2,26,Male,No,4,0,60464
Bachelors,2016,Bangalore,3,25,Male,No,3,1,296543
PHD,2013,Bangalore,3,25,Male,No,3,0,263618
Bachelors,2014,Bangalore,3,25,Male,No,3,0,174383
Bachelors,2017,New Delhi,2,28,Female,No,1,0,326418
Bachelors,2015,Pune,1,26,Female,No,4,1,101322
Masters,2017,New Delhi,3,26,Male,Yes,4,1,263037
Bachelors,2014,Bangalore,3,27,Male,No,5,0,279244
Bachelors,2012,New Delhi,3,24,Female,No,2,0,186610
Bachelors,2017,New Delhi,2,24,Male,No,2,0,118207
Bachelors,2015,Bangalore,3,26,Male,No,4,0,306885
Bachelors,2012,Bangalore,3,26,Female,No,4,0,88165
Bachelors,2015,Bangalore,3,24,Male,No,2,0,81763
Masters,2014,Pune,3,25,Male,No,3,0,216201
Bachelors,2015,Bangalore,3,28,Male,No,2,0,384778
Bachelors,2016,Pune,3,24,Male,No,2,0,172396
Bachelors,2016,Bangalore,3,26,Female,No,4,0,90509
Bachelors,2015,Pune,2,25,Female,Yes,3,1,336401
Masters,2013,New Delhi,2,25,Male,No,3,1,113591
Bachelors,2017,Pune,3,25,Male,No,3,0,207829
Bachelors,2015,Pune,2,26,Female,Yes,4,1,336546
Masters,2015,Bangalore,2,26,Female,No,4,1,64558
Bachelors,2012,Pune,3,27,Female,No,5,0,73878
Masters,2017,New Delhi,3,28,Male,Yes,2,0,216674
Bachelors,2016,Pune,3,25,Male,No,3,0,127937
Bachelors,2016,Bangalore,3,24,Male,No,2,0,341424
Bachelors,2016,Pune,3,28,Male,No,1,0,226656
Bachelors,2013,New Delhi,3,27,Female,Yes,5,0,376057
Bachelors,2015,New Delhi,3,26,Male,No,4,0,258275
Bachelors,2016,Bangalore,3,27,Male,No,5,0,264390
Bachelors,2017,Pune,2,27,Male,No,5,0,397692
Bachelors,2012,Bangalore,3,27,Male,No,5,0,158238
PHD,2018,New Delhi,3,25,Male,No,3,1,86226
Bachelors,2014,Pune,3,27,Male,No,5,0,341223
Bachelors,2013,Bangalore,3,26,Female,No,4,0,315181
Masters,2017,Pune,2,24,Female,No,2,1,169305
PHD,2016,New Delhi,2,28,Male,No,3,1,226538
Masters,2014,New Delhi,3,26,Male,No,4,1,211497
Masters,2017,New Delhi,2,27,Male,Yes,5,1,87826
PHD,2013,New Delhi,3,27,Male,No,5,0,278584
Masters,2014,New Delhi,3,28,Female,No,1,0,262056
Bachelors,2017,Pune,3,27,Male,No,5,0,367005
Bachelors,2015,Pune,3,26,Female,Yes,4,1,174696
Masters,2014,Bangalore,3,26,Male,No,4,1,68731
Masters,2012,Pune,3,27,Male,No,5,0,89974
Bachelors,2017,Bangalore,3,26,Male,No,4,0,139401
Masters,2017,Pune,2,27,Male,No,5,1,194837
Bachelors,2017,Bangalore,3,27,Male,No,5,0,210307
Bachelors,2016,Bangalore,3,25,Male,No,3,1,66643
Bachelors,2016,Pune,3,27,Male,Yes,5,0,149724
Bachelors,2014,Pune,3,25,Male,No,3,0,206198
Bachelors,2017,Bangalore,3,28,Male,No,1,0,212607
Masters,2012,Pune,3,24,Male,No,2,0,83442
Bachelors,2014,Bangalore,3,25,Male,Yes,3,0,123560
Bachelors,2013,Pune,2,25,Male,No,3,1,143832
Bachelors,2012,Pune,3,27,Male,No,5,0,218278
Bachelors,2017,Bangalore,3,26,Male,No,4,0,293342
Bachelors,2013,Pune,3,26,Male,No,4,0,288922
Bachelors,2016,Bangalore,3,24,Male,No,2,0,224608
Bachelors,2014,Bangalore,3,25,Female,No,3,0,81143
Bachelors,2015,New Delhi,3,25,Male,No,3,0,290987
PHD,2012,Pune,3,24,Male,No,2,0,260403
Bachelors,2013,Bangalore,3,27,Male,No,5,0,289814
Bachelors,2015,Bangalore,3,25,Male,No,3,0,226702
Bachelors,2016,Bangalore,3,26,Male,No,4,0,394194
Masters,2015,New Delhi,3,24,Female,No,2,0,132927
Bachelors,2012,Bangalore,3,26,Male,No,4,0,189172
Bachelors,2013,Pune,3,24,Male,No,2,0,233840
Masters,2017,New Delhi,3,24,Male,No,2,1,126244
Bachelors,2014,Bangalore,1,25,Male,Yes,3,0,278687
Bachelors,2018,Bangalore,3,28,Male,No,1,1,85842
Bachelors,2017,Bangalore,3,28,Male,Yes,3,0,347667
Masters,2013,Bangalore,3,28,Female,Yes,2,1,305114
Bachelors,2013,Bangalore,3,26,Male,Yes,4,0,61014
Masters,2018,New Delhi,1,24,Male,Yes,2,1,264845
Bachelors,2012,Bangalore,3,25,Male,No,3,0,126706
PHD,2013,New Delhi,2,27,Female,No,5,0,69794
Masters,2018,New Delhi,3,28,Male,Yes,2,1,162345
Bachelors,2014,Bangalore,3,28,Male,No,3,1,313765
Bachelors,2014,Pune,3,27,Male,No,5,0,204662
Bachelors,2013,New Delhi,3,24,Female,No,2,1,272159
Bachelors,2015,Pune,2,28,Female,No,1,1,267802
Bachelors,2015,Pune,2,26,Female,No,4,1,374392
Bachelors,2017,New Delhi,2,28,Female,No,3,0,351017
Masters,2012,Pune,3,27,Female,No,5,1,189123
Masters,2017,Pune,3,25,Female,Yes,3,1,144096
Masters,2013,New Delhi,2,25,Male,No,3,1,253774
Masters,2017,New Delhi,2,27,Male,No,5,1,283214
Bachelors,2017,Bangalore,3,24,Male,No,2,0,181446
Bachelors,2016,Pune,2,24,Female,No,2,1,350379
Bachelors,2012,Bangalore,3,26,Female,No,4,0,258275
Bachelors,2012,Bangalore,3,24,Male,No,2,1,302038
Masters,2017,Pune,2,24,Male,No,2,0,103392
Bachelors,2015,Pune,2,25,Female,Yes,3,1,242409
Bachelors,2015,New Delhi,3,26,Female,Yes,4,0,231091
Bachelors,2013,Pune,2,24,Male,Yes,2,1,261631
Bachelors,2013,Pune,3,25,Male,No,3,0,253286
PHD,2015,New Delhi,2,28,Female,No,1,0,333055
Bachelors,2016,Pune,3,24,Male,No,2,0,225483
Bachelors,2017,Bangalore,3,24,Female,No,2,0,141162
Bachelors,2016,Bangalore,3,27,Male,No,5,0,93039
Bachelors,2017,Bangalore,3,25,Female,No,3,0,135783
Masters,2014,New Delhi,3,27,Male,No,5,0,92602
Bachelors,2016,Bangalore,3,27,Male,No,5,0,365939
Bachelors,2016,Bangalore,3,28,Female,No,3,0,252965
Bachelors,2018,Pune,3,25,Male,No,3,1,106827
Bachelors,2013,Bangalore,3,26,Male,Yes,4,1,373906
Bachelors,2015,New Delhi,3,25,Male,No,3,1,277034
Bachelors,2017,New Delhi,2,25,Female,No,3,1,219134
Bachelors,2012,Bangalore,3,25,Male,Yes,3,0,242513
Bachelors,2014,New Delhi,3,28,Female,No,2,0,68679
Bachelors,2017,New Delhi,2,27,Female,No,5,0,174674
Bachelors,2018,Pune,3,26,Male,No,4,1,326213
Masters,2014,New Delhi,3,28,Male,No,2,0,129395
Bachelors,2013,Bangalore,3,27,Male,No,5,1,325800
Masters,2017,Pune,3,25,Male,No,3,1,289598
Bachelors,2018,Bangalore,3,28,Male,No,2,1,333237
Bachelors,2016,Bangalore,3,24,Male,No,2,0,128100
Bachelors,2012,Bangalore,3,24,Male,Yes,2,0,244096
Bachelors,2015,Bangalore,3,28,Female,No,1,0,389605
Bachelors,2014,Bangalore,3,24,Male,No,2,0,388187
Bachelors,2013,Pune,3,27,Male,No,5,0,240325
Bachelors,2016,New Delhi,3,24,Female,No,2,0,134444
Bachelors,2012,Bangalore,3,25,Female,No,3,0,242196
Bachelors,2012,Pune,3,28,Male,No,3,0,68858
Bachelors,2018,Pune,3,25,Male,Yes,3,1,244102
Bachelors,2014,Bangalore,3,27,Male,No,5,1,116979
Bachelors,2016,Bangalore,3,27,Female,No,5,0,73597
Masters,2015,Pune,2,24,Female,No,2,0,82189
Masters,2014,Bangalore,3,24,Female,No,2,1,212536
Bachelors,2013,Bangalore,3,25,Male,No,3,0,383672
Masters,2017,New Delhi,3,24,Male,No,2,0,342112
Bachelors,2015,Bangalore,3,25,Male,No,3,0,369182
Bachelors,2017,Bangalore,3,24,Male,No,2,0,372727
Bachelors,2017,New Delhi,2,28,Male,No,3,0,367091
Bachelors,2016,Bangalore,3,28,Male,No,2,0,187666
PHD,2014,New Delhi,3,24,Male,No,2,0,367545
Masters,2017,New Delhi,2,26,Female,No,4,0,98592
Masters,2018,New Delhi,3,25,Male,No,3,1,321530
Bachelors,2014,Bangalore,3,28,Male,No,3,1,252680
Bachelors,2014,Bangalore,3,25,Male,No,3,1,165807
Bachelors,2018,New Delhi,3,28,Female,No,3,1,344214
Masters,2017,New Delhi,2,25,Male,Yes,3,1,184463
Masters,2013,New Delhi,3,28,Male,No,2,0,330614
Bachelors,2014,Bangalore,3,26,Male,Yes,4,0,220157
Masters,2017,New Delhi,2,25,Female,No,3,1,331641
Masters,2013,New Delhi,3,25,Female,No,3,0,349502
Bachelors,2016,Bangalore,3,25,Male,No,3,0,182264
Bachelors,2018,Bangalore,3,24,Male,No,2,1,350171
Masters,2017,New Delhi,2,26,Male,Yes,4,1,95264
Bachelors,2013,Bangalore,3,24,Male,No,2,0,260919
Bachelors,2013,Bangalore,3,28,Male,No,2,0,215381
Masters,2015,Pune,3,28,Female,Yes,2,0,65286
Bachelors,2015,Pune,2,27,Female,Yes,5,1,370442
Masters,2014,Pune,2,27,Female,No,5,0,249254
Bachelors,2017,New Delhi,2,27,Male,No,5,0,98279
Bachelors,2012,Bangalore,3,26,Male,No,4,0,363490
Masters,2015,Pune,1,27,Female,No,5,0,338971
Bachelors,2013,Bangalore,1,28,Male,No,3,1,51185
Bachelors,2012,Pune,2,26,Female,No,4,1,204014
Bachelors,2013,Bangalore,3,27,Male,No,5,0,269437
Masters,2017,New Delhi,2,25,Male,No,3,0,110219
Bachelors,2017,Bangalore,3,27,Male,No,5,0,254870
Bachelors,2012,Bangalore,3,24,Male,No,2,0,392154
Bachelors,2017,New Delhi,3,26,Male,No,4,0,109208
Bachelors,2014,Bangalore,3,28,Female,No,1,1,345163
Bachelors,2015,Bangalore,3,25,Male,No,3,0,356925
Bachelors,2015,Pune,2,28,Female,No,3,1,144285
Bachelors,2017,Bangalore,3,24,Female,No,2,0,162324
Bachelors,2016,Bangalore,3,27,Female,No,5,1,387343
Bachelors,2012,Bangalore,3,25,Male,No,3,0,289212
Masters,2018,Pune,3,25,Male,No,3,1,240737
Bachelors,2015,Pune,3,26,Male,No,4,0,353795
Bachelors,2014,Pune,3,26,Male,No,4,0,260577
PHD,2017,New Delhi,3,27,Male,No,5,0,362986
Bachelors,2012,Bangalore,3,26,Male,No,4,0,205397
Bachelors,2016,Bangalore,3,26,Male,No,4,0,257560
Bachelors,2017,New Delhi,3,28,Female,No,2,0,263684
Bachelors,2014,Pune,3,25,Female,No,3,0,118433
Bachelors,2013,Bangalore,3,28,Male,Yes,3,0,181792
Bachelors,2017,Bangalore,3,25,Male,No,3,0,368657
Bachelors,2018,Bangalore,3,27,Male,No,5,1,84701
Bachelors,2017,Bangalore,3,26,Male,No,4,0,336362
Bachelors,2017,Pune,2,25,Female,No,3,1,311213
Bachelors,2017,Pune,2,26,Female,No,4,1,314055
Bachelors,2015,Pune,3,28,Male,No,3,0,199585
Masters,2017,Pune,2,26,Male,No,4,1,90092
Masters,2015,New Delhi,3,28,Female,Yes,2,0,358573
Bachelors,2012,New Delhi,2,25,Male,No,3,1,128539
Bachelors,2016,Bangalore,3,25,Female,No,3,0,250540
Masters,2017,New Delhi,2,26,Female,No,4,0,291295
Bachelors,2014,Bangalore,3,25,Male,No,3,0,300813
Bachelors,2014,Bangalore,3,25,Male,No,3,1,161245
PHD,2018,Bangalore,3,26,Male,No,4,1,399612
Bachelors,2016,Pune,3,26,Male,No,4,0,102303
Bachelors,2014,Bangalore,3,27,Male,No,5,0,349986
Bachelors,2012,Bangalore,3,25,Male,No,3,0,390672
Masters,2012,Pune,2,26,Female,No,4,0,309110
Masters,2016,New Delhi,3,27,Male,No,5,1,385812
PHD,2017,Bangalore,3,28,Male,No,1,0,53998
Bachelors,2014,Bangalore,3,27,Male,No,5,0,285249
Bachelors,2018,Pune,3,26,Male,No,4,1,235914
Bachelors,2018,Bangalore,1,27,Male,No,5,0,277192
Bachelors,2016,Pune,3,24,Male,No,2,0,240762
Bachelors,2012,Bangalore,3,25,Male,No,3,0,267165
Bachelors,2017,Bangalore,3,27,Male,No,5,0,233411
Bachelors,2016,Bangalore,3,28,Male,No,2,0,128234
Bachelors,2017,New Delhi,2,27,Male,No,5,0,200720
Bachelors,2013,Bangalore,3,25,Male,No,3,0,282298
Bachelors,2013,Bangalore,3,28,Male,No,1,0,174471
Bachelors,2018,Bangalore,3,28,Female,No,3,1,137416
Bachelors,2016,Bangalore,3,27,Male,Yes,5,0,194409
Masters,2015,Pune,2,28,Female,No,3,0,136551
Masters,2015,New Delhi,3,24,Female,No,2,1,95484
Bachelors,2017,New Delhi,3,24,Male,No,2,0,137107
Bachelors,2015,Pune,2,24,Female,No,2,1,217401
Masters,2013,Pune,3,28,Male,No,2,1,226555
Bachelors,2017,Pune,3,27,Female,No,5,1,122009
Bachelors,2014,Pune,3,26,Male,No,4,0,83421
Bachelors,2016,Bangalore,3,26,Male,No,4,0,77300
Bachelors,2014,Pune,1,26,Female,No,4,1,290127
Bachelors,2015,Pune,3,28,Male,No,3,0,55990
Bachelors,2012,Bangalore,3,26,Male,No,4,0,156997
Bachelors,2017,New Delhi,2,26,Male,No,4,0,204141
Masters,2017,New Delhi,2,26,Female,No,4,0,294123
Bachelors,2016,Bangalore,3,26,Male,No,4,1,298128
Bachelors,2013,Bangalore,3,26,Male,Yes,4,0,185930
Bachelors,2014,Bangalore,3,28,Male,No,3,1,134940
Bachelors,2014,New Delhi,3,28,Female,No,3,0,161328
Bachelors,2014,Pune,3,25,Female,No,3,1,266404
Bachelors,2016,Pune,3,28,Male,No,3,0,134239
Masters,2017,Bangalore,3,27,Male,No,5,1,246011
Bachelors,2015,Bangalore,3,25,Male,No,3,0,96759
Bachelors,2014,Pune,3,27,Male,No,5,0,118440
Bachelors,2012,Pune,3,28,Male,No,3,0,141688
Masters,2017,Pune,3,26,Male,No,4,1,206977
Bachelors,2013,Bangalore,3,25,Male,Yes,3,0,364255
Bachelors,2015,Pune,2,28,Female,No,2,1,339347
PHD,2013,Bangalore,1,26,Male,No,4,0,129976
Masters,2012,Pune,3,27,Male,No,5,1,257365
Bachelors,2016,Bangalore,1,28,Male,No,2,0,73650
Bachelors,2017,Bangalore,3,27,Male,No,5,0,102118
Bachelors,2017,Bangalore,3,25,Male,No,3,0,208610
Masters,2017,New Delhi,2,24,Female,Yes,2,1,55885
Bachelors,2015,Bangalore,1,25,Female,Yes,3,0,158085
Bachelors,2018,Bangalore,3,27,Male,No,5,1,188170
Bachelors,2014,Bangalore,3,26,Male,No,4,0,107831
Bachelors,2018,Bangalore,3,26,Male,No,4,1,300280
Bachelors,2015,Pune,2,24,Female,No,2,1,377486
Bachelors,2018,Bangalore,3,27,Male,No,5,1,282015
Bachelors,2016,Bangalore,3,27,Female,No,5,0,347252
Masters,2016,New Delhi,3,25,Female,No,3,1,113754
Masters,2018,New Delhi,3,26,Male,No,4,1,264360
Bachelors,2018,Bangalore,3,24,Female,No,2,1,256791
Bachelors,2017,New Delhi,2,28,Male,No,3,0,241937
Bachelors,2015,Bangalore,3,27,Male,No,5,0,389215
Bachelors,2017,Bangalore,3,26,Male,No,4,0,205355
Bachelors,2016,Bangalore,3,25,Male,No,3,0,144643
Bachelors,2013,Pune,3,25,Male,No,3,0,323155
Bachelors,2015,Pune,3,25,Female,No,3,1,294906
Bachelors,2014,Bangalore,3,28,Female,No,3,0,378094
Bachelors,2015,Pune,3,24,Male,No,2,0,370158
Bachelors,2016,Bangalore,3,26,Female,No,4,0,346036
Bachelors,2018,Bangalore,1,25,Male,Yes,3,0,165088
Masters,2017,Pune,2,28,Female,No,1,0,141109
Bachelors,2014,Pune,2,25,Female,No,3,1,254716
Bachelors,2017,Bangalore,3,25,Male,No,3,0,75218
Bachelors,2016,Bangalore,3,28,Female,No,3,0,330988
Bachelors,2014,Bangalore,3,28,Female,No,2,0,233457
Masters,2017,New Delhi,2,28,Male,No,2,0,360780
Bachelors,2017,New Delhi,2,24,Female,No,2,0,240719
PHD,2013,New Delhi,2,25,Male,No,3,1,105745
Bachelors,2017,Bangalore,3,24,Male,No,2,0,166198
Bachelors,2017,Bangalore,3,26,Female,No,4,0,171758
Bachelors,2015,Bangalore,1,25,Male,No,3,0,218543
Bachelors,2016,Bangalore,3,26,Female,No,4,0,344624
PHD,2014,New Delhi,3,28,Male,No,2,1,228255
Masters,2018,New Delhi,3,27,Female,No,5,1,213749
Bachelors,2016,New Delhi,3,27,Female,No,5,0,351853
Masters,2017,New Delhi,2,25,Male,No,3,1,286420
Bachelors,2017,Bangalore,3,26,Male,No,4,0,253205
Bachelors,2016,New Delhi,3,27,Female,Yes,5,0,57118
Bachelors,2017,Pune,2,25,Female,No,3,1,346429
Bachelors,2018,Pune,3,28,Female,No,1,1,163147
Bachelors,2014,Bangalore,3,25,Female,No,3,1,124762
Bachelors,2018,Pune,3,28,Male,No,1,1,81296
Bachelors,2017,Bangalore,1,26,Female,No,4,0,388440
Bachelors,2013,Bangalore,3,24,Male,No,2,1,179473
Bachelors,2012,New Delhi,3,26,Female,No,4,0,135680
Bachelors,2012,Pune,3,25,Male,No,3,0,161831
Masters,2013,New Delhi,2,24,Male,No,2,1,307605
Bachelors,2018,Pune,3,26,Male,No,4,1,327423
Bachelors,2016,New Delhi,3,28,Female,No,2,0,109132
Bachelors,2016,Pune,3,26,Male,No,4,0,132054
Masters,2014,New Delhi,3,24,Male,No,2,0,237326
Bachelors,2013,Bangalore,3,26,Male,No,4,0,249350
Bachelors,2014,Pune,2,26,Female,No,4,1,115436
Bachelors,2014,Pune,3,25,Male,No,3,0,216243
Bachelors,2013,Pune,3,27,Male,No,5,0,145380
Bachelors,2018,Bangalore,3,27,Male,No,5,1,304274
Bachelors,2015,Bangalore,3,25,Female,No,3,1,372079
Bachelors,2016,Pune,3,26,Male,No,4,0,257119
Bachelors,2015,Pune,2,27,Female,No,5,1,318803
Bachelors,2017,Bangalore,3,26,Male,No,4,0,313464
Masters,2017,Pune,2,26,Female,No,4,0,121862
Bachelors,2017,New Delhi,3,27,Female,Yes,5,0,64580
Masters,2017,Pune,1,24,Male,No,2,0,134097
Masters,2017,New Delhi,2,26,Female,No,4,0,278496
Bachelors,2015,Bangalore,3,27,Male,Yes,5,0,359519
Bachelors,2015,Bangalore,3,26,Male,No,4,0,250401
Masters,2017,Pune,2,24,Male,No,2,1,294174
Bachelors,2017,Bangalore,3,26,Female,No,4,0,228312
Bachelors,2014,Bangalore,3,26,Male,No,4,0,165701
Bachelors,2015,Bangalore,3,28,Male,Yes,1,1,140199
Masters,2017,New Delhi,2,24,Male,No,2,0,163576
Bachelors,2013,Pune,2,25,Female,No,3,1,299946
Masters,2013,Bangalore,3,27,Male,No,5,1,136632
Bachelors,2017,Bangalore,3,27,Male,No,5,0,177765
Bachelors,2015,New Delhi,2,28,Female,Yes,2,1,149649
Bachelors,2014,Pune,2,24,Female,No,2,1,77506
Bachelors,2016,Pune,2,27,Female,No,5,1,396916
Bachelors,2017,Bangalore,3,27,Female,No,5,0,317564
Bachelors,2016,Bangalore,3,26,Male,No,4,0,378842
Bachelors,2015,Pune,2,27,Male,No,5,0,115820
Bachelors,2015,Bangalore,3,26,Male,No,4,0,275438
Bachelors,2018,Bangalore,3,27,Male,Yes,5,1,362301
Bachelors,2016,Bangalore,3,24,Male,No,2,0,82822
Bachelors,2014,Bangalore,3,24,Male,No,2,0,156996
Bachelors,2013,New Delhi,2,24,Female,No,2,1,166461
Bachelors,2012,Bangalore,3,26,Female,No,4,0,327560
Bachelors,2015,Pune,2,28,Female,Yes,2,1,75191
Bachelors,2018,Bangalore,3,26,Male,No,4,1,115060
Bachelors,2016,Bangalore,3,24,Female,No,2,0,283429
Masters,2017,Pune,3,24,Male,No,2,1,307194
Masters,2016,Pune,3,24,Male,No,2,0,101825
Bachelors,2013,Bangalore,3,28,Male,Yes,1,1,124077
Bachelors,2015,Bangalore,1,28,Female,No,1,0,116107
PHD,2018,Bangalore,3,24,Female,No,2,1,87163
Bachelors,2016,Bangalore,3,26,Male,Yes,4,0,101866
Bachelors,2013,Bangalore,3,27,Male,No,5,0,104900
Bachelors,2013,Bangalore,3,25,Male,No,3,1,350947
Masters,2016,New Delhi,3,24,Male,No,2,1,303269
Bachelors,2017,New Delhi,1,25,Female,No,3,0,137444
Bachelors,2013,Bangalore,3,28,Male,No,3,0,276192
Bachelors,2018,Bangalore,3,28,Male,No,1,1,104214
Bachelors,2017,Bangalore,3,24,Male,No,2,0,116974
Masters,2014,New Delhi,3,24,Male,No,2,1,144921
PHD,2012,New Delhi,3,24,Male,No,2,0,369321
Bachelors,2017,Bangalore,3,25,Female,No,3,0,299371
Masters,2014,New Delhi,3,27,Male,No,5,0,117249
Bachelors,2015,Bangalore,3,27,Female,No,5,0,58183
Bachelors,2014,Pune,3,25,Male,No,3,1,112892
Bachelors,2012,Bangalore,3,28,Male,No,3,0,200825
Bachelors,2012,Bangalore,3,25,Female,No,3,0,238534
Bachelors,2015,Bangalore,3,24,Female,No,2,0,360783
Bachelors,2013,Pune,3,27,Male,No,5,0,297779
Bachelors,2013,Bangalore,3,26,Female,No,4,0,307327
Bachelors,2012,Pune,2,26,Male,No,4,0,86705
Masters,2017,Bangalore,3,28,Female,No,3,1,223254
Bachelors,2015,Bangalore,3,25,Male,No,3,1,131505
Bachelors,2012,Bangalore,3,28,Female,No,2,0,352882
Bachelors,2017,Pune,2,26,Female,No,4,1,126197
Bachelors,2012,Bangalore,3,27,Female,No,5,0,56926
Masters,2016,New Delhi,3,28,Male,No,1,0,156523
Bachelors,2015,Pune,2,28,Female,No,1,1,377788
Masters,2017,Pune,3,24,Male,No,2,1,271520
Bachelors,2015,Pune,2,25,Female,No,3,1,232011
Bachelors,2014,Bangalore,3,24,Male,No,2,0,306281
Bachelors,2016,Bangalore,3,28,Male,No,3,0,171017
Bachelors,2016,New Delhi,3,25,Female,Yes,3,0,397860
Masters,2015,New Delhi,3,26,Male,No,4,1,182183
Masters,2015,New Delhi,3,28,Female,No,3,0,356623
Bachelors,2013,New Delhi,1,24,Female,No,2,1,106327
Bachelors,2014,Bangalore,3,24,Male,No,2,0,143472
Bachelors,2018,Bangalore,3,26,Male,No,4,1,334898
Bachelors,2013,Bangalore,3,26,Male,No,4,0,101000
Bachelors,2015,New Delhi,3,25,Female,No,3,1,309716
Bachelors,2017,New Delhi,3,28,Male,No,2,0,311099
Bachelors,2016,Pune,1,25,Female,No,3,1,281309
Masters,2013,New Delhi,3,25,Male,Yes,3,1,276788
Bachelors,2017,Bangalore,3,24,Female,No,2,0,353386
Masters,2013,New Delhi,3,25,Female,No,3,1,181755
Bachelors,2013,Bangalore,1,28,Female,No,2,0,390555
Masters,2014,Bangalore,3,27,Female,No,5,1,283692
Bachelors,2013,Bangalore,3,26,Male,No,4,0,62911
Bachelors,2016,Bangalore,3,25,Male,No,3,0,147940
Bachelors,2015,Pune,2,26,Female,Yes,4,1,239636
Bachelors,2017,New Delhi,3,25,Male,No,3,0,175565
Bachelors,2013,Bangalore,3,26,Male,No,4,0,315368
Bachelors,2013,Pune,2,27,Male,Yes,5,0,384961
Bachelors,2015,Pune,2,25,Female,No,3,1,273675
Bachelors,2016,Bangalore,3,25,Male,Yes,3,0,330157
Bachelors,2017,Bangalore,3,25,Male,No,3,1,293727
Bachelors,2016,Pune,3,28,Male,No,1,0,218350
Bachelors,2018,Bangalore,3,24,Male,No,2,1,380591
Masters,2015,Pune,3,28,Female,No,3,0,172870
Bachelors,2017,Bangalore,3,26,Male,No,4,0,357649
Masters,2017,Pune,2,26,Male,No,4,1,293258
Bachelors,2017,New Delhi,2,27,Female,No,5,0,372212
Bachelors,2013,Pune,2,26,Female,No,4,1,289538
Bachelors,2012,Bangalore,3,24,Male,No,2,0,341514
Bachelors,2013,New Delhi,3,28,Female,Yes,3,0,342411
Masters,2015,Pune,2,24,Female,No,2,0,383467
Bachelors,2016,Bangalore,3,25,Male,No,3,0,301862
Masters,2017,New Delhi,2,25,Male,No,3,1,251342
Bachelors,2016,Bangalore,3,26,Male,No,4,0,96466
Bachelors,2013,Bangalore,3,24,Male,No,2,0,383965
Bachelors,2012,Pune,2,25,Male,No,3,1,242758
Bachelors,2014,Bangalore,3,24,Male,No,2,0,247284
Bachelors,2017,Bangalore,3,27,Female,No,5,1,118583
Bachelors,2017,New Delhi,3,27,Female,No,5,0,231921
Bachelors,2013,Pune,3,27,Male,No,5,0,147363
Bachelors,2015,Pune,2,24,Female,Yes,2,1,211797
Bachelors,2017,Bangalore,3,24,Female,Yes,2,0,158135
PHD,2015,New Delhi,3,28,Female,No,1,0,322961
Bachelors,2017,Bangalore,3,27,Male,No,5,0,354068
Masters,2017,New Delhi,2,28,Female,No,2,0,228230
Bachelors,2017,New Delhi,2,25,Female,No,3,0,240190
Bachelors,2014,Pune,2,25,Female,No,3,1,134890
Bachelors,2016,New Delhi,3,28,Female,Yes,3,0,72262
Bachelors,2015,Pune,2,27,Female,No,5,1,250545
Masters,2017,Pune,2,25,Male,No,3,1,337016
Masters,2017,Bangalore,2,25,Female,Yes,3,1,148286
Bachelors,2017,Bangalore,3,24,Female,No,2,1,354489
Bachelors,2013,Bangalore,3,26,Female,No,4,0,126797
Bachelors,2018,Bangalore,3,24,Male,Yes,2,1,231668
Bachelors,2016,New Delhi,3,28,Male,No,1,0,396967
Masters,2017,New Delhi,2,24,Male,No,2,1,142853
Bachelors,2017,Bangalore,3,25,Male,No,3,0,93308
Bachelors,2017,Bangalore,3,25,Male,No,3,0,308172
Bachelors,2017,Bangalore,3,24,Male,No,2,1,156200
Masters,2014,New Delhi,3,25,Female,No,3,1,145273
Bachelors,2012,Bangalore,3,27,Female,No,5,0,349026
Bachelors,2012,New Delhi,3,27,Female,No,5,0,110376
Bachelors,2017,Bangalore,3,28,Male,No,2,1,152605
Bachelors,2012,Bangalore,3,28,Male,Yes,3,1,174886
Bachelors,2012,Pune,3,28,Female,No,2,0,89281
Bachelors,2018,Bangalore,3,24,Female,No,2,1,267479
PHD,2016,New Delhi,3,24,Female,No,2,0,169486
Masters,2017,New Delhi,2,27,Female,No,5,1,353855
Masters,2013,New Delhi,2,27,Female,No,5,1,262947
Bachelors,2015,Bangalore,3,26,Female,No,4,0,299602
Masters,2015,New Delhi,3,28,Female,No,1,1,229980
Bachelors,2014,Bangalore,3,27,Male,No,5,0,186198
Bachelors,2013,New Delhi,3,25,Female,No,3,0,244263
Bachelors,2015,Bangalore,3,26,Female,No,4,1,231376
Bachelors,2012,Pune,3,24,Male,No,2,0,304331
Bachelors,2012,Bangalore,3,26,Female,No,4,0,251780
Masters,2015,Pune,2,25,Female,No,3,1,355152
Bachelors,2013,New Delhi,3,24,Male,No,2,0,170064
Masters,2017,New Delhi,2,27,Female,No,5,0,164506
Masters,2017,Pune,2,26,Male,No,4,0,205708
Bachelors,2014,Pune,3,27,Male,No,5,0,184314
Bachelors,2018,Bangalore,3,25,Male,No,3,1,75837
Bachelors,2014,Bangalore,3,25,Female,No,3,0,348692
Bachelors,2013,Pune,2,27,Female,No,5,1,346783
Bachelors,2015,Pune,3,26,Male,No,4,0,126048
Bachelors,2017,Pune,2,24,Male,No,2,1,130424
Masters,2017,New Delhi,2,26,Male,No,4,1,323278
Bachelors,2013,Pune,2,25,Male,Yes,3,1,54566
Masters,2017,New Delhi,2,25,Female,No,3,1,385097
Bachelors,2013,Pune,3,26,Female,Yes,4,0,312800
Bachelors,2014,Pune,3,28,Male,No,2,0,388135
Bachelors,2016,New Delhi,3,27,Female,No,5,0,185828
Bachelors,2017,New Delhi,2,28,Male,No,1,0,97228
Masters,2014,New Delhi,3,27,Male,No,5,0,55522
Bachelors,2014,New Delhi,3,28,Female,No,1,0,88756
Bachelors,2015,Bangalore,3,27,Male,No,5,1,392480
Bachelors,2015,Bangalore,3,24,Male,No,2,1,73574
Bachelors,2018,Bangalore,3,24,Male,No,2,1,392529
Bachelors,2013,Pune,3,26,Male,No,4,0,71698
Bachelors,2012,Bangalore,3,28,Female,No,2,0,191913
Masters,2017,Pune,2,26,Male,No,4,0,147936
Masters,2017,New Delhi,2,25,Male,No,3,1,216219
Bachelors,2016,New Delhi,3,27,Female,No,5,0,286460
Bachelors,2012,Bangalore,3,26,Male,No,4,0,133545
Bachelors,2015,Pune,3,25,Male,No,3,0,336617
Bachelors,2012,New Delhi,3,26,Female,Yes,4,0,233400
Masters,2014,Bangalore,3,27,Male,No,5,1,285579
Masters,2017,New Delhi,2,26,Male,No,4,0,340985
Masters,2012,New Delhi,3,26,Male,No,4,1,118288
Bachelors,2015,Pune,2,26,Female,No,4,1,194139
Masters,2014,New Delhi,3,25,Male,No,3,0,78483
Bachelors,2015,Bangalore,3,28,Male,Yes,2,0,76506
Masters,2012,Pune,3,27,Male,No,5,1,295051
Bachelors,2017,Bangalore,2,27,Male,No,5,0,261892
Bachelors,2016,Bangalore,3,24,Male,No,2,0,123993
Bachelors,2017,Bangalore,3,27,Male,No,5,0,345006
Bachelors,2014,Bangalore,3,26,Male,No,4,1,384470
Bachelors,2017,Bangalore,3,24,Female,No,2,0,285874
Bachelors,2017,Bangalore,3,28,Male,No,1,0,279631
Bachelors,2014,Bangalore,3,26,Male,No,4,1,67347
Bachelors,2018,Bangalore,3,28,Female,No,3,1,344771
Bachelors,2014,New Delhi,3,24,Female,No,2,0,79408
Bachelors,2017,Bangalore,1,27,Male,No,5,0,165961
Bachelors,2015,New Delhi,3,24,Female,No,2,0,205232
Bachelors,2017,Bangalore,3,27,Male,No,5,0,239441
Bachelors,2017,Pune,3,28,Male,No,3,0,86465
Bachelors,2014,Bangalore,3,25,Male,No,3,0,228668
Bachelors,2017,Bangalore,3,25,Female,No,3,0,280341
Bachelors,2018,Bangalore,3,25,Male,No,3,1,262473
Bachelors,2013,Bangalore,3,28,Female,No,3,0,340886
Bachelors,2017,New Delhi,3,27,Male,No,5,0,177361
Bachelors,2013,Bangalore,3,27,Male,No,5,0,109677
Masters,2017,New Delhi,2,26,Female,No,4,1,208747
Bachelors,2014,Bangalore,3,24,Male,No,2,0,176892
Bachelors,2017,Pune,3,27,Male,No,5,0,333733
Bachelors,2012,Pune,3,27,Male,No,5,0,352881
Bachelors,2017,Pune,3,24,Male,No,2,0,225466
Bachelors,2014,Bangalore,3,25,Male,No,3,0,269332
Bachelors,2014,Bangalore,3,28,Male,No,3,0,341181
Bachelors,2018,Bangalore,3,26,Male,No,4,1,240483
Masters,2017,Bangalore,3,28,Male,No,1,1,74829
Bachelors,2018,Bangalore,3,27,Male,Yes,5,1,312879
Bachelors,2017,Bangalore,3,28,Male,Yes,1,0,273786
Bachelors,2016,Bangalore,3,25,Male,No,3,0,349711
Bachelors,2013,Pune,3,24,Female,No,2,0,65519
Bachelors,2018,New Delhi,3,25,Female,No,3,1,61064
Bachelors,2014,Bangalore,3,24,Female,No,2,0,267720
Bachelors,2012,Bangalore,3,26,Male,No,4,0,255361
Masters,2013,New Delhi,1,24,Female,No,2,0,58040
Masters,2013,New Delhi,1,24,Male,Yes,2,1,250739
Bachelors,2014,Bangalore,3,26,Male,No,4,0,140946
Bachelors,2017,Bangalore,3,27,Male,No,5,0,262852
Bachelors,2017,New Delhi,2,25,Male,No,3,0,349323
Bachelors,2015,Bangalore,3,28,Female,No,1,0,309729
Bachelors,2014,Bangalore,3,24,Male,No,2,0,257126
PHD,2018,New Delhi,3,24,Female,No,2,1,182844
Bachelors,2015,Pune,3,28,Male,No,1,0,372310
Bachelors,2015,Bangalore,3,26,Male,No,4,0,390577
PHD,2015,Pune,2,28,Female,No,1,0,190747
Bachelors,2018,Bangalore,3,25,Male,Yes,3,1,127417
Bachelors,2016,Bangalore,3,26,Male,No,4,0,399421
Bachelors,2015,Bangalore,3,27,Female,No,5,1,178213
Bachelors,2017,Pune,3,24,Male,No,2,0,112186
Bachelors,2014,Bangalore,3,27,Male,No,5,0,140098
Masters,2012,New Delhi,3,28,Male,No,2,0,266508
Bachelors,2012,Bangalore,3,28,Male,No,3,0,347384
Bachelors,2012,Pune,2,27,Female,No,5,1,169364
Bachelors,2012,New Delhi,2,27,Female,No,5,1,140810
Masters,2012,Bangalore,3,27,Male,No,5,1,227616
Bachelors,2018,Bangalore,3,25,Female,No,3,1,271572
Masters,2018,Pune,3,27,Male,No,5,1,383984
Masters,2017,New Delhi,2,28,Male,No,2,0,159865
Bachelors,2013,Bangalore,3,27,Male,No,5,0,155176
Masters,2017,Bangalore,2,28,Male,Yes,2,1,292641
Bachelors,2017,Pune,3,27,Male,No,5,0,82863
Bachelors,2017,Pune,3,28,Female,No,1,0,181109
Bachelors,2016,Bangalore,3,28,Male,No,3,0,351796
Bachelors,2014,New Delhi,3,26,Female,No,4,0,198626
Bachelors,2018,Bangalore,3,25,Male,No,3,1,253940
Bachelors,2017,New Delhi,3,26,Female,No,4,0,238991
Bachelors,2015,Pune,2,26,Female,No,4,1,326158
Bachelors,2017,New Delhi,3,26,Male,No,4,0,137676
Bachelors,2012,Bangalore,3,25,Female,Yes,3,0,54828
Bachelors,2017,Bangalore,3,25,Male,Yes,3,0,145882
Bachelors,2013,Bangalore,3,28,Female,No,1,1,117673
Bachelors,2013,Pune,3,24,Female,No,2,1,154035
Bachelors,2014,Bangalore,3,25,Male,No,3,0,179716
Masters,2017,New Delhi,3,25,Male,No,3,1,255524
Bachelors,2015,Pune,2,27,Female,No,5,1,279911
Masters,2017,Pune,2,28,Male,No,3,0,119017
Masters,2017,New Delhi,3,26,Male,No,4,0,238010
Masters,2017,Pune,2,24,Female,No,2,0,235423
Masters,2015,Pune,1,26,Female,No,4,0,56813
Masters,2013,Pune,3,26,Male,No,4,0,113028
Bachelors,2015,Bangalore,3,26,Male,No,4,0,96377
Bachelors,2017,Pune,3,24,Male,No,2,0,139598
PHD,2016,Bangalore,3,27,Male,No,5,0,216690
Bachelors,2018,Bangalore,3,24,Male,No,2,1,364000
Bachelors,2014,Pune,3,25,Male,No,3,0,224095
Bachelors,2012,Bangalore,3,26,Male,No,4,0,372407
Bachelors,2017,Bangalore,3,28,Male,No,3,0,318052
Bachelors,2014,Pune,3,25,Male,No,3,0,210861
Masters,2018,New Delhi,3,25,Female,No,3,1,300264
Bachelors,2013,Pune,2,25,Female,No,3,1,350768
PHD,2013,New Delhi,3,26,Male,No,4,0,358368
Bachelors,2015,New Delhi,3,28,Female,No,3,0,301550
Bachelors,2017,Bangalore,3,24,Male,No,2,0,124214
Masters,2018,New Delhi,1,26,Female,No,4,1,272833
Bachelors,2013,Pune,2,24,Female,No,2,1,393679
Bachelors,2018,Bangalore,3,24,Male,No,2,1,216549
PHD,2016,Pune,1,25,Female,No,3,1,393601
Bachelors,2014,Pune,3,26,Male,No,4,1,267975
Masters,2015,Pune,1,27,Female,No,5,0,293400
Bachelors,2013,Pune,3,28,Female,No,2,1,89590
Bachelors,2016,Bangalore,1,27,Female,No,5,0,123760
Bachelors,2014,New Delhi,3,24,Male,No,2,0,263480
Bachelors,2016,Bangalore,3,26,Male,Yes,4,0,331626
Bachelors,2015,Pune,3,25,Female,No,3,1,201971
Bachelors,2013,Bangalore,3,24,Male,No,2,0,309429
Bachelors,2015,Bangalore,3,25,Female,No,3,0,113380
Bachelors,2015,Bangalore,3,26,Male,No,4,0,305186
Bachelors,2016,Bangalore,3,26,Male,No,4,0,94517
Bachelors,2013,Pune,3,26,Male,No,4,0,342028
Masters,2016,Bangalore,3,26,Female,No,4,1,386315
Bachelors,2018,Bangalore,3,27,Female,No,5,1,203937
Bachelors,2017,Bangalore,3,24,Female,No,2,0,309298
Bachelors,2014,New Delhi,3,24,Female,No,2,0,99390
Bachelors,2013,Pune,3,26,Male,Yes,4,0,61666
Bachelors,2014,Bangalore,3,26,Male,No,4,0,291735
Bachelors,2014,Bangalore,3,24,Male,No,2,0,129647
Bachelors,2012,Bangalore,3,26,Male,No,4,0,183484
Bachelors,2014,Pune,2,26,Female,No,4,1,258335
Bachelors,2016,New Delhi,3,28,Female,No,5,0,92648
Bachelors,2015,Bangalore,3,28,Male,No,5,0,137207
Bachelors,2012,Pune,2,26,Female,No,4,1,195466
Bachelors,2013,New Delhi,3,26,Female,No,4,0,156323
Bachelors,2013,Pune,3,24,Male,No,2,0,359504
Masters,2017,New Delhi,3,28,Female,No,3,0,62988
Bachelors,2012,New Delhi,3,27,Female,No,5,0,244113
Bachelors,2017,Bangalore,3,25,Male,No,3,0,389282
Bachelors,2012,New Delhi,3,24,Female,No,2,1,201518
Masters,2015,Pune,1,24,Male,No,2,0,271037
Masters,2013,New Delhi,3,27,Male,No,5,1,276633
Bachelors,2017,New Delhi,3,24,Female,No,2,1,385906
Bachelors,2014,Bangalore,3,28,Male,No,1,1,321213
Bachelors,2015,Bangalore,3,28,Female,No,1,0,103140
Masters,2013,New Delhi,3,27,Male,No,5,0,334751
Bachelors,2014,Bangalore,3,26,Male,No,4,0,176777
Bachelors,2017,Bangalore,3,25,Male,No,3,0,382710
Masters,2015,New Delhi,3,24,Male,No,2,1,152648
Bachelors,2014,Bangalore,3,25,Male,No,3,0,320111
Bachelors,2014,Bangalore,3,25,Female,No,3,0,56463
Bachelors,2017,Bangalore,1,24,Male,No,2,0,245169
Bachelors,2014,New Delhi,3,27,Female,No,5,1,114412
Bachelors,2013,Bangalore,3,27,Female,No,5,0,159382
Bachelors,2012,Bangalore,3,28,Female,No,2,0,393889
Bachelors,2015,Bangalore,3,27,Male,No,5,0,366799
Bachelors,2012,Bangalore,3,26,Male,No,4,0,58580
Bachelors,2013,Pune,1,27,Female,No,5,1,143257
Bachelors,2014,New Delhi,3,27,Female,Yes,5,0,178648
Bachelors,2014,Bangalore,3,28,Male,No,4,0,320652
Bachelors,2014,Bangalore,3,27,Male,No,5,1,263647
Bachelors,2014,Bangalore,3,28,Female,No,1,0,55975
Masters,2018,New Delhi,3,25,Female,No,3,1,398111
Bachelors,2017,Bangalore,3,27,Male,No,5,0,64474
Bachelors,2015,Bangalore,3,24,Male,Yes,2,1,117025
Masters,2017,Pune,2,25,Female,No,3,1,246881
Bachelors,2017,New Delhi,2,27,Female,No,5,0,225495
Bachelors,2016,Bangalore,3,28,Male,No,3,1,371312
Bachelors,2015,Pune,2,25,Female,Yes,3,1,335803
Masters,2017,New Delhi,3,24,Male,No,2,0,152617
Bachelors,2015,Bangalore,3,28,Male,No,4,0,291362
Masters,2014,Pune,3,26,Male,No,4,1,146525
Bachelors,2013,Pune,3,26,Male,No,4,0,157188
Bachelors,2016,Bangalore,3,26,Male,No,4,0,230802
Bachelors,2013,Bangalore,3,26,Male,No,4,0,310416
Masters,2013,New Delhi,1,24,Female,No,2,1,388718
Bachelors,2014,Bangalore,3,25,Male,No,3,0,70960
Bachelors,2018,Bangalore,3,27,Male,No,5,1,169590
Bachelors,2013,Bangalore,3,28,Male,No,1,0,396018
Bachelors,2016,Pune,2,28,Female,No,4,1,318145
Bachelors,2012,Bangalore,3,28,Male,No,1,0,263873
Bachelors,2017,New Delhi,3,25,Female,No,3,0,80906
Bachelors,2018,Bangalore,3,25,Male,Yes,3,1,350549
Bachelors,2012,Pune,1,27,Female,No,5,1,252194
Masters,2017,New Delhi,3,24,Male,No,2,0,302960
Bachelors,2014,Bangalore,3,24,Male,No,2,0,241235
Bachelors,2014,Pune,3,26,Male,No,4,0,366959
Bachelors,2013,Bangalore,3,25,Female,No,3,1,170946
Bachelors,2017,Bangalore,3,28,Male,No,2,0,147145
Bachelors,2015,Pune,3,25,Female,No,3,1,300598
Bachelors,2017,Bangalore,3,24,Male,No,2,0,215721
Bachelors,2018,Bangalore,3,24,Male,Yes,2,1,114934
Bachelors,2016,Bangalore,3,28,Male,Yes,4,0,216271
Bachelors,2014,Bangalore,3,26,Female,No,4,0,220086
Bachelors,2017,Bangalore,3,28,Male,No,1,0,79981
Bachelors,2012,Bangalore,3,27,Male,No,5,0,343036
Bachelors,2016,New Delhi,3,26,Male,No,4,0,399377
Bachelors,2014,Bangalore,3,27,Female,No,5,0,91222
Bachelors,2014,Bangalore,3,27,Female,Yes,5,1,228910
Bachelors,2013,Bangalore,3,26,Male,No,4,0,223807
PHD,2015,New Delhi,2,24,Female,No,2,0,167472
Bachelors,2018,Bangalore,3,26,Male,No,4,1,98595
Bachelors,2017,New Delhi,2,24,Female,No,2,0,252747
PHD,2015,Pune,1,25,Female,No,3,1,206099
Bachelors,2017,New Delhi,3,24,Male,No,2,0,232192
Bachelors,2013,Bangalore,3,25,Female,No,3,0,252123
Bachelors,2014,Bangalore,3,24,Male,Yes,2,0,256192
Masters,2018,New Delhi,3,26,Male,Yes,4,1,315225
Bachelors,2015,Bangalore,2,25,Female,No,3,1,178512
Bachelors,2012,Bangalore,3,25,Male,No,3,0,165620
Masters,2012,New Delhi,3,28,Male,Yes,2,0,128171
Bachelors,2015,Bangalore,3,24,Female,No,2,0,324284
Bachelors,2012,Bangalore,3,24,Male,No,2,0,371940
PHD,2018,New Delhi,3,27,Female,No,5,1,122240
Bachelors,2014,Bangalore,3,25,Male,No,3,0,126898
Bachelors,2012,Bangalore,3,25,Male,No,3,0,199974
Bachelors,2012,Bangalore,3,28,Male,No,5,0,120161
Bachelors,2017,New Delhi,2,26,Female,No,4,0,237788
Bachelors,2013,Bangalore,3,25,Male,No,3,0,389763
Masters,2018,Pune,3,24,Male,No,2,1,307096
Bachelors,2016,Bangalore,3,26,Male,No,4,0,62884
Bachelors,2013,Bangalore,3,26,Male,No,4,0,255727
Bachelors,2016,New Delhi,3,28,Female,No,2,0,363409
Masters,2017,New Delhi,2,27,Male,Yes,5,1,195431
Bachelors,2018,Pune,2,27,Female,No,5,1,73581
Masters,2014,New Delhi,3,28,Female,No,4,0,93418
Masters,2017,New Delhi,3,25,Female,No,3,0,289535
Masters,2017,Bangalore,3,26,Female,No,4,0,221219
Bachelors,2015,Pune,2,27,Female,No,5,1,371297
Bachelors,2013,New Delhi,3,27,Female,No,5,0,235624
Masters,2017,New Delhi,1,26,Female,No,4,0,357248
Bachelors,2013,New Delhi,3,27,Female,No,5,0,157719
Bachelors,2012,New Delhi,3,28,Male,No,3,0,71234
Masters,2017,Pune,2,27,Male,No,5,1,192499
Bachelors,2017,New Delhi,3,26,Female,No,4,0,107540
Bachelors,2013,Bangalore,3,28,Female,No,4,1,53267
Masters,2012,New Delhi,3,27,Male,Yes,5,1,259426
Bachelors,2017,Pune,2,24,Male,No,2,0,366893
Masters,2017,New Delhi,3,25,Female,No,3,1,115580
Bachelors,2018,Bangalore,3,25,Female,Yes,3,1,170922
Bachelors,2016,Bangalore,3,28,Male,Yes,4,0,68444
Masters,2017,New Delhi,3,28,Male,No,2,0,348583
Bachelors,2014,Bangalore,3,24,Male,No,2,0,336814
Bachelors,2016,Bangalore,3,26,Male,Yes,4,0,50214
Bachelors,2014,Pune,3,24,Female,No,2,1,297954
Bachelors,2013,Pune,3,26,Male,No,4,0,84194
Bachelors,2012,Bangalore,3,27,Male,No,5,0,81541
Bachelors,2018,Bangalore,3,24,Male,No,2,1,213435
Bachelors,2017,Bangalore,1,26,Female,No,4,0,197160
Bachelors,2015,Bangalore,3,28,Female,No,3,0,363502
Bachelors,2013,Bangalore,3,28,Male,No,3,1,207469
Bachelors,2012,Bangalore,3,27,Male,Yes,5,0,356758
Bachelors,2013,Bangalore,3,26,Female,No,4,0,105248
Masters,2013,New Delhi,2,27,Female,No,5,1,63637
Bachelors,2016,New Delhi,3,24,Female,No,2,0,51042
Bachelors,2015,Pune,2,28,Female,No,2,1,190764
Bachelors,2015,New Delhi,2,25,Female,No,3,1,325617
Bachelors,2014,Pune,3,24,Male,No,2,0,187769
Bachelors,2017,New Delhi,3,27,Female,No,5,0,265950
Bachelors,2012,New Delhi,3,26,Male,No,4,0,242927
Bachelors,2013,Bangalore,3,28,Male,No,0,0,254726
Bachelors,2012,Pune,3,28,Male,No,5,0,247063
Bachelors,2015,Pune,2,26,Female,No,4,1,240885
Bachelors,2016,Bangalore,1,26,Male,No,4,0,241473
Masters,2017,New Delhi,2,28,Female,Yes,2,1,140115
Masters,2017,New Delhi,2,25,Male,No,3,1,389364
Bachelors,2017,Bangalore,3,24,Male,No,2,0,98962
Bachelors,2013,Bangalore,3,28,Male,No,0,0,328330
Bachelors,2014,Pune,3,27,Male,No,5,1,255797
Bachelors,2016,Pune,2,26,Female,No,4,1,220145
Bachelors,2018,Bangalore,3,27,Female,Yes,5,1,191954
Bachelors,2012,Pune,3,28,Male,No,4,0,65510
Bachelors,2013,Pune,2,26,Female,No,4,1,300789
Bachelors,2014,Bangalore,3,28,Female,No,3,0,118649
Masters,2017,New Delhi,2,28,Female,No,2,0,226369
Bachelors,2012,New Delhi,1,27,Female,No,5,0,164726
Bachelors,2017,New Delhi,2,27,Male,No,5,0,137440
Bachelors,2014,Bangalore,3,24,Male,No,2,0,103871
Bachelors,2013,Pune,3,27,Male,No,5,0,241560
Bachelors,2015,Bangalore,3,27,Female,No,5,0,141959
Bachelors,2017,Bangalore,3,27,Male,No,5,0,338588
Masters,2012,New Delhi,3,24,Male,No,2,0,209893
Bachelors,2013,New Delhi,2,25,Female,No,3,1,81753
Bachelors,2017,Bangalore,3,25,Male,No,3,0,396903
Bachelors,2018,Bangalore,3,25,Male,No,3,1,166064
Masters,2013,Pune,3,25,Male,Yes,3,1,297697
Bachelors,2013,Pune,3,24,Female,No,2,0,84565
Bachelors,2015,Pune,3,24,Female,No,2,1,394285
Bachelors,2014,Bangalore,3,24,Male,No,2,0,93909
Masters,2012,New Delhi,3,26,Female,No,4,1,303226
Bachelors,2015,Pune,3,25,Male,No,3,0,291437
Bachelors,2017,New Delhi,2,26,Female,No,4,0,178038
Bachelors,2013,Bangalore,3,28,Male,No,3,0,260401
Bachelors,2016,Pune,2,28,Female,No,0,1,181666
Bachelors,2012,New Delhi,3,24,Male,No,2,0,340946
Bachelors,2015,New Delhi,3,28,Male,No,1,0,97797
Bachelors,2017,Bangalore,1,24,Male,No,2,0,165521
Masters,2017,Pune,2,28,Female,No,4,0,202646
Bachelors,2017,Pune,3,24,Male,No,2,0,379985
Bachelors,2016,Bangalore,3,27,Female,No,5,0,253245
Bachelors,2015,Pune,3,28,Male,No,2,0,144756
Bachelors,2016,Bangalore,3,28,Female,No,5,0,122454
Bachelors,2018,Bangalore,3,25,Male,No,3,1,98258
Bachelors,2015,Bangalore,3,28,Female,No,5,0,121745
Bachelors,2014,Bangalore,3,27,Male,No,5,1,152825
Bachelors,2013,Bangalore,3,26,Male,No,4,0,234047
Bachelors,2015,Bangalore,1,24,Male,No,2,0,100974
Bachelors,2012,Bangalore,3,27,Female,No,5,0,84247
Bachelors,2012,Bangalore,3,25,Male,No,3,1,390836
Bachelors,2015,Pune,3,28,Female,No,4,1,123478
Masters,2017,Bangalore,2,24,Female,Yes,2,1,309999
Bachelors,2014,Bangalore,3,28,Male,No,2,0,148304
Masters,2017,Pune,2,24,Female,No,2,1,183018
Bachelors,2014,New Delhi,3,26,Female,No,4,1,200090
Bachelors,2015,Pune,2,28,Female,No,3,1,51177
Masters,2013,Pune,2,28,Male,No,5,1,236041
Bachelors,2013,New Delhi,1,28,Female,No,5,1,184655
Bachelors,2015,Pune,2,26,Female,Yes,4,1,281839
Masters,2015,New Delhi,3,28,Male,No,2,0,113736
Bachelors,2013,Bangalore,3,27,Male,No,5,0,175963
Bachelors,2018,Bangalore,3,28,Male,No,2,1,108929
Bachelors,2012,Pune,3,28,Male,No,2,0,345503
Bachelors,2014,Pune,3,27,Female,No,5,1,94808
Masters,2018,New Delhi,3,24,Male,No,2,1,165978
Bachelors,2018,Bangalore,3,25,Male,Yes,3,1,171218
Bachelors,2017,New Delhi,2,25,Male,No,3,0,67341
Bachelors,2014,Pune,3,24,Female,No,2,1,340147
Bachelors,2012,New Delhi,3,26,Female,No,4,0,77198
Bachelors,2014,Pune,3,26,Male,No,4,0,177817
Bachelors,2014,Bangalore,3,28,Male,No,4,0,51249
Bachelors,2018,Bangalore,3,26,Male,Yes,4,1,301418
Bachelors,2013,Pune,2,26,Male,No,4,0,53336
Bachelors,2013,Pune,2,25,Female,No,3,1,271785
Bachelors,2018,Pune,3,25,Male,Yes,3,1,362295
Bachelors,2013,Bangalore,3,25,Female,No,3,0,248878
Bachelors,2014,Bangalore,3,28,Male,No,4,0,74491
Masters,2017,New Delhi,3,24,Female,No,2,0,92906
Masters,2017,Pune,2,27,Female,No,5,0,193744
Bachelors,2012,Bangalore,3,24,Male,No,2,0,297760
Bachelors,2017,Pune,3,27,Female,No,5,1,395098
Masters,2017,New Delhi,2,28,Male,No,4,0,342062
Bachelors,2017,New Delhi,2,25,Male,No,3,0,227068
Bachelors,2017,Pune,3,25,Male,Yes,3,1,167066
Masters,2017,Pune,2,24,Female,No,2,1,389830
Bachelors,2013,Pune,3,27,Male,Yes,5,1,277637
Bachelors,2016,Bangalore,3,26,Female,No,4,1,203861
Bachelors,2015,Pune,2,27,Female,No,5,1,75868
Bachelors,2014,Bangalore,3,27,Male,No,5,1,194684
Bachelors,2012,Bangalore,3,26,Male,No,4,0,272974
Bachelors,2016,Pune,2,27,Female,No,5,1,274691
Masters,2017,Bangalore,2,28,Male,No,2,0,93420
Masters,2017,New Delhi,3,24,Female,No,2,1,240673
Bachelors,2017,Pune,3,24,Male,No,2,0,292283
Bachelors,2018,Bangalore,3,24,Male,No,2,1,226375
Masters,2017,New Delhi,2,28,Male,No,3,0,114768
Bachelors,2015,Bangalore,3,26,Female,Yes,4,0,157696
Bachelors,2018,Pune,3,26,Female,No,4,1,68247
Bachelors,2013,Bangalore,3,25,Male,Yes,3,0,341972
Bachelors,2016,Bangalore,3,26,Male,No,4,0,366697
Masters,2018,Pune,3,28,Male,No,2,1,356882
Bachelors,2016,Bangalore,3,26,Male,No,4,0,119607
Bachelors,2017,Bangalore,3,27,Male,No,5,0,168379
Bachelors,2012,Bangalore,3,27,Female,No,5,0,67354
PHD,2016,New Delhi,3,27,Male,No,5,0,66241
Bachelors,2017,New Delhi,2,25,Male,No,3,0,151831
Bachelors,2015,New Delhi,3,28,Female,No,2,0,104048
Bachelors,2013,Pune,2,26,Female,No,4,1,202561
Bachelors,2017,Bangalore,3,27,Female,No,5,0,57799
Bachelors,2015,Pune,2,24,Female,No,2,1,288571
Bachelors,2017,Bangalore,3,27,Female,No,5,0,311197
Bachelors,2016,Bangalore,3,25,Male,No,3,1,242941
Bachelors,2018,Bangalore,3,26,Male,No,4,1,235756
Bachelors,2015,Bangalore,3,27,Male,No,5,0,77386
Bachelors,2014,Pune,3,24,Male,No,2,0,324035
Bachelors,2012,Bangalore,3,27,Male,No,5,0,159337
Bachelors,2013,Pune,3,27,Male,No,5,0,159662
Bachelors,2015,Bangalore,1,25,Male,No,3,0,191319
Masters,2017,New Delhi,2,25,Female,No,3,0,72309
PHD,2015,Pune,3,28,Male,No,0,0,53829
Bachelors,2015,Bangalore,3,28,Male,No,3,0,195425
Bachelors,2016,Bangalore,3,28,Male,No,5,0,88944
PHD,2013,New Delhi,3,24,Male,No,2,0,61220
Bachelors,2014,Bangalore,3,26,Male,Yes,4,0,314464
Bachelors,2015,Pune,2,26,Female,Yes,4,1,356581
Bachelors,2017,Bangalore,3,27,Male,Yes,5,0,101388
Bachelors,2014,New Delhi,3,26,Male,No,4,0,165643
Masters,2013,Bangalore,3,27,Male,No,5,1,118273
Bachelors,2016,Pune,3,24,Male,Yes,2,0,367758
Bachelors,2016,Bangalore,3,26,Male,No,4,0,358991
Bachelors,2013,Pune,2,28,Female,No,2,1,381536
Masters,2017,Bangalore,2,24,Male,No,2,1,51513
Masters,2017,New Delhi,2,24,Male,No,2,1,89276
Masters,2015,Pune,2,24,Female,No,2,1,56290
Bachelors,2014,Pune,3,26,Male,No,4,0,104335
Bachelors,2016,Pune,2,27,Female,No,5,1,87225
Bachelors,2017,Bangalore,3,25,Male,No,3,0,293614
Masters,2017,New Delhi,2,26,Female,No,4,0,153554
Bachelors,2016,Bangalore,1,25,Female,No,3,0,251508
PHD,2014,Bangalore,1,25,Female,No,3,0,385360
Bachelors,2013,Bangalore,3,25,Female,No,3,0,140020
Bachelors,2014,New Delhi,3,24,Male,No,2,0,152202
Bachelors,2015,Pune,2,28,Female,Yes,2,1,65639
Bachelors,2014,New Delhi,3,28,Male,No,5,0,180396
Bachelors,2015,Bangalore,3,26,Male,No,4,0,314287
Bachelors,2014,Bangalore,3,25,Male,No,3,0,332618
Bachelors,2018,Pune,3,26,Male,No,4,1,353484
Masters,2015,Pune,2,28,Female,No,2,0,391959
Masters,2013,New Delhi,3,28,Male,No,2,1,210605
Bachelors,2014,Bangalore,3,25,Male,No,3,0,212283
Masters,2015,New Delhi,2,26,Female,No,4,0,63671
Bachelors,2016,New Delhi,3,27,Male,No,5,0,73506
Bachelors,2014,Bangalore,3,24,Female,No,2,0,181221
Masters,2017,Pune,3,24,Female,No,2,0,302889
Bachelors,2014,Pune,3,25,Female,No,3,1,340492
Bachelors,2015,Pune,3,27,Female,No,5,1,130535
Bachelors,2017,New Delhi,2,28,Male,No,0,0,145431
Bachelors,2017,New Delhi,3,25,Female,No,3,0,298042
Bachelors,2012,Pune,3,24,Male,No,2,1,82138
Masters,2016,New Delhi,3,25,Male,No,3,1,287552
Bachelors,2015,Pune,2,26,Female,No,4,1,270172
Masters,2014,New Delhi,3,27,Male,No,5,0,241553
Bachelors,2015,Bangalore,3,24,Female,No,2,1,360816
Bachelors,2014,New Delhi,3,25,Male,No,3,0,332161
Bachelors,2017,Bangalore,3,24,Male,No,2,0,249859
Bachelors,2017,New Delhi,3,24,Female,No,2,1,56491
Bachelors,2012,Bangalore,3,28,Male,No,1,0,218496
Bachelors,2014,Bangalore,1,26,Male,No,4,0,174353
Bachelors,2017,Bangalore,3,28,Male,Yes,3,0,382706
Bachelors,2015,Pune,1,25,Female,No,3,1,332512
Bachelors,2015,Pune,2,24,Female,Yes,2,1,158770
Bachelors,2017,Pune,2,26,Male,No,4,0,389298
Bachelors,2015,Bangalore,3,28,Male,No,0,0,157046
Bachelors,2016,Bangalore,3,28,Male,No,2,0,346515
Bachelors,2013,Pune,3,28,Female,Yes,3,1,329129
Bachelors,2017,Bangalore,3,27,Male,No,5,0,199984
Masters,2015,New Delhi,3,25,Male,No,3,0,113303
Bachelors,2012,New Delhi,3,28,Female,No,4,0,377941
Bachelors,2012,Bangalore,3,26,Male,No,4,0,57977
Bachelors,2012,Bangalore,3,25,Male,No,3,0,381008
Masters,2017,New Delhi,3,25,Male,No,3,1,353858
Bachelors,2017,Bangalore,3,25,Male,No,3,0,191724
Bachelors,2012,Bangalore,3,26,Female,No,4,0,129362
Bachelors,2017,Bangalore,3,26,Female,No,4,0,265464
Masters,2017,New Delhi,2,25,Male,Yes,3,1,348547
Bachelors,2015,Bangalore,3,25,Male,No,3,0,361020
Bachelors,2013,Bangalore,3,26,Female,No,4,0,258824
Bachelors,2017,Pune,3,25,Female,No,3,1,158637
Bachelors,2014,New Delhi,3,28,Female,Yes,2,0,67052
Bachelors,2016,Bangalore,3,27,Female,No,5,0,313392
Bachelors,2018,Bangalore,3,25,Male,No,3,1,286656
Bachelors,2012,Bangalore,3,27,Female,Yes,5,0,345168
Bachelors,2017,New Delhi,3,27,Female,No,5,0,148490
Bachelors,2016,Bangalore,2,25,Male,No,3,1,298382
Bachelors,2016,Bangalore,3,28,Female,No,4,0,226006
Bachelors,2017,New Delhi,2,27,Male,No,5,0,311087
Bachelors,2016,Bangalore,3,24,Female,No,2,0,110514
Bachelors,2013,Bangalore,3,25,Male,No,3,0,81204
Bachelors,2017,New Delhi,2,25,Female,No,3,0,396971
Bachelors,2015,Pune,3,24,Male,No,2,0,304883
Bachelors,2012,New Delhi,3,25,Female,No,3,0,222454
PHD,2017,New Delhi,3,27,Female,No,5,0,81079
Bachelors,2014,Bangalore,3,25,Female,No,3,1,69246
Masters,2017,Bangalore,3,28,Male,No,2,0,382836
Bachelors,2016,Pune,3,25,Male,No,3,0,366277
Bachelors,2014,Bangalore,3,25,Male,Yes,3,0,355172
Bachelors,2012,New Delhi,3,27,Male,No,5,0,73299
Bachelors,2012,Pune,3,25,Female,No,3,1,387703
Masters,2015,New Delhi,3,27,Female,No,5,0,54894
Bachelors,2014,Bangalore,3,24,Male,No,2,0,108324
Bachelors,2015,Pune,2,27,Female,No,5,1,318290
Bachelors,2014,Bangalore,3,25,Male,No,3,1,144332
Bachelors,2015,Bangalore,3,25,Male,No,3,0,245634
Bachelors,2018,New Delhi,3,26,Female,No,4,1,317424
Bachelors,2017,Pune,2,26,Female,No,4,1,113098
Bachelors,2014,Pune,2,24,Female,No,2,1,291548
Bachelors,2013,Bangalore,3,27,Male,No,5,0,215677
Bachelors,2017,New Delhi,2,27,Male,No,5,0,133241
PHD,2012,New Delhi,3,28,Female,No,1,0,135044
Masters,2012,New Delhi,3,26,Female,No,4,1,344432
Bachelors,2014,Bangalore,3,27,Male,No,5,0,296171
Bachelors,2013,Bangalore,3,28,Female,No,0,1,118485
Bachelors,2014,Pune,3,26,Male,No,4,0,235427
Bachelors,2016,Pune,2,24,Female,No,2,1,199647
Bachelors,2015,Bangalore,1,24,Female,No,2,1,156052
Bachelors,2012,Bangalore,3,26,Female,No,4,0,395651
Masters,2014,Pune,3,27,Male,No,5,0,306574
Masters,2017,New Delhi,2,27,Male,No,5,1,190799
Masters,2017,New Delhi,1,25,Female,No,3,0,371116
Masters,2012,Pune,3,28,Male,No,0,1,246907
Masters,2012,New Delhi,3,28,Male,No,2,1,305057
Masters,2013,New Delhi,2,24,Male,No,2,1,158270
Bachelors,2015,Pune,3,25,Female,No,3,1,172341
Masters,2017,New Delhi,3,28,Male,No,5,0,375905
Bachelors,2013,Bangalore,3,24,Male,No,2,0,176879
Masters,2015,Bangalore,3,28,Male,No,1,1,108108
Bachelors,2018,Bangalore,3,27,Female,Yes,5,1,107404
Bachelors,2015,Bangalore,3,24,Male,No,2,1,298621
Bachelors,2014,Pune,3,26,Male,No,4,0,239831
Bachelors,2013,New Delhi,3,25,Female,No,3,0,170639
Bachelors,2013,Bangalore,3,26,Male,No,4,0,208100
Bachelors,2018,New Delhi,3,28,Female,No,0,1,333065
Bachelors,2013,Bangalore,3,25,Female,No,3,0,354098
PHD,2012,Pune,3,27,Male,No,5,0,257221
Bachelors,2013,Bangalore,3,24,Male,No,2,0,374899
Bachelors,2013,Bangalore,3,28,Female,No,3,0,78997
Bachelors,2015,Pune,3,24,Male,No,2,0,98286
Bachelors,2013,Pune,3,27,Male,No,5,0,216146
Bachelors,2012,New Delhi,3,27,Male,No,5,0,354053
Bachelors,2018,Bangalore,3,26,Female,Yes,4,1,229579
Bachelors,2013,Bangalore,3,26,Male,No,4,0,379726
Bachelors,2015,Pune,2,24,Female,No,2,1,355880
Bachelors,2016,,3,24,Male,No,2,0,127287
PHD,2018,Bangalore,3,27,Female,No,5,1,211620
Bachelors,2015,Bangalore,3,26,Male,No,4,0,378570
Bachelors,2015,New Delhi,1,26,Female,No,4,1,323170
Bachelors,2015,Pune,2,24,Female,No,2,1,388386
Bachelors,2013,Pune,3,27,Male,No,5,0,274878
PHD,2016,New Delhi,3,24,Female,No,2,0,206486
Bachelors,2013,Bangalore,3,26,Male,No,4,0,165620
Bachelors,2015,Bangalore,3,28,Male,No,5,0,271782
Bachelors,2015,Bangalore,3,26,Female,No,4,0,154418
Bachelors,2016,Bangalore,3,27,Female,No,5,0,287939
Bachelors,2017,Pune,3,25,Female,No,3,1,233980
Masters,2017,,2,26,Male,No,4,1,308637
Bachelors,2012,Bangalore,3,27,Male,No,5,0,107009
Bachelors,2014,Bangalore,3,26,Female,No,4,1,288269
Bachelors,2015,Pune,2,25,Female,No,3,1,67079
Bachelors,2013,Bangalore,3,26,Male,No,4,0,150428
Bachelors,2017,Pune,2,28,Male,No,1,1,184523
Bachelors,2014,Bangalore,3,25,Male,No,3,0,234785
Bachelors,2013,Bangalore,3,27,Male,No,5,0,302954
PHD,2013,Bangalore,3,26,Male,No,4,0,346516
Bachelors,2013,New Delhi,3,25,Female,Yes,3,1,339986
Bachelors,2017,Bangalore,1,28,Female,No,3,0,118696
Bachelors,2014,Bangalore,3,26,Male,No,4,0,89713
Bachelors,2015,New Delhi,3,27,Male,No,5,0,211334
Masters,2013,Pune,2,28,Male,No,2,1,171951
Bachelors,2013,New Delhi,3,25,Female,Yes,3,1,240109
Masters,2017,New Delhi,2,26,Male,No,4,0,205610
Masters,2016,New Delhi,3,25,Male,No,3,0,336839
Bachelors,2017,Bangalore,3,28,Female,Yes,5,0,101719
Masters,2017,New Delhi,2,28,Female,No,2,0,244855
Bachelors,2012,Bangalore,1,27,Male,No,5,1,148194
Bachelors,2018,Bangalore,3,27,Male,No,5,1,177952
Bachelors,2016,Bangalore,3,24,Female,No,2,0,355512
Bachelors,2017,Pune,3,26,Male,No,4,0,378054
Bachelors,2017,New Delhi,3,25,Female,No,3,0,324179
Bachelors,2015,Pune,3,28,Female,Yes,5,1,282979
Bachelors,2015,Bangalore,3,26,Male,No,4,1,396171
Masters,2015,Pune,2,26,Female,Yes,4,1,112837
Masters,2015,Pune,3,25,Male,No,3,1,172394
Bachelors,2016,Pune,3,27,Female,No,5,1,208893
Bachelors,2013,Bangalore,3,25,Male,No,3,0,66118
Bachelors,2018,Pune,3,26,Male,Yes,4,1,369827
Bachelors,2014,Bangalore,3,27,Female,No,5,0,265321
Bachelors,2017,,1,25,Male,No,3,0,285695
Bachelors,2015,New Delhi,3,26,,No,4,0,315078
Bachelors,2015,Pune,3,24,Female,No,2,1,99586
Bachelors,2015,Bangalore,3,28,Male,No,2,0,346177
Bachelors,2014,Pune,2,26,Female,No,4,1,259123
Bachelors,2017,Bangalore,3,27,Male,No,5,1,87490
Bachelors,2014,Bangalore,3,26,Male,No,4,0,270995
Bachelors,2018,New Delhi,3,28,Female,No,5,1,97090
Bachelors,2015,Bangalore,3,28,Male,No,0,1,261437
Bachelors,2016,New Delhi,3,28,Female,No,3,0,136711
Bachelors,2017,Bangalore,3,25,Male,No,3,0,235009
Bachelors,2015,Pune,3,24,Female,No,2,1,384181
Masters,2018,New Delhi,3,28,Male,No,2,1,100147
Bachelors,2015,Bangalore,3,27,Female,No,5,0,192451
Bachelors,2017,Bangalore,3,24,Male,No,2,1,341326
Bachelors,2017,New Delhi,2,28,Female,No,0,0,50595
Bachelors,2015,Bangalore,3,25,Male,No,3,0,81100
Bachelors,2012,Bangalore,3,28,Male,No,2,0,250617
Bachelors,2013,Bangalore,3,26,Male,No,4,0,371293
Bachelors,2016,Bangalore,1,24,Male,No,2,0,289062
Bachelors,2016,Pune,3,27,Male,No,5,0,387530
Bachelors,2013,Pune,3,24,Male,No,2,0,377491
Masters,2017,Pune,2,26,Female,No,4,1,143890
Bachelors,2017,New Delhi,3,26,Male,No,4,0,227888
Bachelors,2018,Pune,3,25,Female,No,3,1,205324
Bachelors,2018,Bangalore,3,24,Male,No,2,1,171348
Bachelors,2015,Pune,3,24,Male,Yes,2,0,370213
Bachelors,2013,Bangalore,3,24,Female,No,2,1,353259
Bachelors,2013,Pune,2,28,Male,Yes,0,1,222066
Bachelors,2018,Bangalore,3,24,Male,No,2,1,261549
Bachelors,2014,Bangalore,3,24,Male,No,2,0,324906
Bachelors,2016,Bangalore,3,28,Female,No,5,0,55671
Bachelors,2014,Bangalore,3,25,Male,No,3,0,300784
Bachelors,2014,Bangalore,3,26,Female,No,4,0,69375
Masters,2017,Bangalore,2,28,Male,No,2,0,164683
Bachelors,2012,Bangalore,3,27,Male,No,5,0,174701
Bachelors,2016,Bangalore,3,27,Female,No,5,0,95741
Masters,2018,Bangalore,3,28,Male,No,2,1,121730
Bachelors,2017,Bangalore,3,24,Male,No,2,0,157426
Bachelors,2012,Pune,3,24,Male,No,2,0,91238
Bachelors,2016,New Delhi,3,28,Male,No,0,0,188472
Bachelors,2012,Bangalore,3,27,Male,No,5,0,219379
Bachelors,2014,Bangalore,3,27,Male,No,5,0,255445
Bachelors,2017,Bangalore,3,24,Male,No,2,1,68908
Bachelors,2012,Bangalore,1,27,Male,No,5,0,335245
Bachelors,2017,Bangalore,3,28,Female,No,5,0,195743
Bachelors,2014,Pune,3,25,Male,No,3,0,336540
Bachelors,2015,Pune,3,25,Male,No,3,0,249099
Bachelors,2017,Pune,2,28,Male,No,0,1,238055
Bachelors,2015,Pune,2,26,Female,No,4,1,201240
Bachelors,2015,Pune,2,27,Female,No,5,1,75082
Bachelors,2015,Pune,3,26,Female,No,4,1,248910
Bachelors,2015,Bangalore,2,28,Female,No,3,1,344864
Bachelors,2012,Pune,3,25,Male,No,3,0,193436
Bachelors,2013,Bangalore,3,25,Male,Yes,3,1,251857
Bachelors,2016,New Delhi,3,26,Male,No,4,0,318202
PHD,2018,New Delhi,3,24,Female,No,2,1,203606
Bachelors,2014,Bangalore,3,27,Female,No,5,0,90749
Masters,2017,New Delhi,2,26,Male,Yes,4,1,380857
Bachelors,2015,Pune,2,27,Female,No,5,1,272439
Bachelors,2014,Bangalore,3,24,Male,No,2,0,158336
Masters,2017,Pune,2,25,Female,No,3,0,133705
Bachelors,2017,New Delhi,3,28,Female,No,2,0,268890
Bachelors,2014,Bangalore,3,27,Male,Yes,5,0,290272
Bachelors,2012,Bangalore,3,24,Male,No,2,0,119292
Bachelors,2018,Pune,3,24,Male,No,2,1,318805
Bachelors,2015,Bangalore,3,27,Female,Yes,5,1,327287
Bachelors,2015,New Delhi,3,28,Female,No,3,0,132410
Bachelors,2015,Pune,3,27,Female,No,5,1,162945
Bachelors,2015,Bangalore,3,28,Male,No,5,0,102610
Bachelors,2015,New Delhi,2,27,Female,Yes,5,1,55145
Bachelors,2016,Bangalore,3,27,Male,No,5,0,295038
Masters,2017,New Delhi,3,27,Female,No,5,1,146340
Bachelors,2017,Pune,2,26,Female,No,4,1,375289
Bachelors,2015,Pune,3,27,Female,No,5,1,212361
Bachelors,2018,Pune,3,27,Female,No,5,1,114474
Bachelors,2012,Bangalore,3,25,Male,No,3,0,157555
Bachelors,2017,Bangalore,3,25,Male,No,3,0,143925
PHD,2013,New Delhi,3,27,Female,No,5,1,203093
Bachelors,2016,Bangalore,3,28,Male,No,2,0,87148
Bachelors,2012,Bangalore,3,25,Female,Yes,3,0,265962
Bachelors,2015,Bangalore,3,27,Male,No,5,0,133359
Bachelors,2016,Pune,2,24,Female,No,2,1,92843
Bachelors,2016,Bangalore,3,26,Male,No,4,1,387549
Bachelors,2014,Pune,3,27,Male,Yes,5,0,171200
Bachelors,2013,Bangalore,3,24,Male,Yes,2,0,137821
Bachelors,2017,Bangalore,3,25,Male,No,3,1,270019
Bachelors,2017,Pune,2,24,Female,No,2,1,66275
Bachelors,2013,Bangalore,3,27,Male,No,5,0,259273
Masters,2013,Bangalore,3,26,Female,No,4,1,246649
Bachelors,2012,Pune,3,25,Female,No,3,1,241402
Bachelors,2015,New Delhi,3,28,Female,No,2,0,167733
Masters,2017,New Delhi,2,24,Female,No,2,0,205104
Masters,2013,New Delhi,3,26,,No,4,1,
Bachelors,2014,Bangalore,3,26,Male,No,4,0,368446
PHD,2016,New Delhi,3,24,Female,No,2,0,204672
Bachelors,2017,New Delhi,3,26,Male,No,4,0,
Bachelors,2016,Bangalore,3,26,Male,No,4,0,67921
Bachelors,2014,Bangalore,3,27,Male,No,5,0,311697
Bachelors,2017,New Delhi,3,28,Female,No,0,0,309489
PHD,2016,New Delhi,3,27,Female,No,5,0,388347
Masters,2014,Bangalore,3,28,Female,No,4,1,
Bachelors,2014,Bangalore,3,28,Female,No,2,0,377202
Bachelors,2017,Bangalore,3,24,Female,No,2,0,259527
Masters,2015,New Delhi,3,28,Male,No,0,0,149948
Bachelors,2015,Pune,2,25,Female,No,3,1,154518
Masters,2017,Pune,2,27,Male,No,5,1,70494
Bachelors,2014,Pune,2,25,Female,No,3,1,206120
Bachelors,2015,Pune,2,28,,Yes,2,1,162392
Bachelors,2013,Pune,3,25,Male,No,3,0,79719
Bachelors,2013,Pune,1,26,Female,No,4,1,371388
Bachelors,2012,Pune,2,27,Female,No,5,1,286431
Masters,2017,New Delhi,3,28,Male,No,0,0,257062
Bachelors,2012,Bangalore,3,28,,No,1,0,63827
Bachelors,2015,Pune,2,25,Female,Yes,3,1,219219
Bachelors,2015,Bangalore,3,26,Male,No,4,0,168743
Bachelors,2015,Bangalore,3,24,Female,No,2,0,133730
Bachelors,2018,New Delhi,3,24,Female,No,2,1,239884
Bachelors,2017,New Delhi,3,27,Female,Yes,5,0,255192
PHD,2012,Pune,3,27,Male,No,5,0,190763
Bachelors,2012,Bangalore,3,26,Male,No,4,0,172115
Bachelors,2013,Bangalore,3,25,Male,No,3,1,86151
Bachelors,2015,New Delhi,3,24,Female,No,2,0,211008
Bachelors,2013,Pune,3,24,Female,No,2,0,242446
Bachelors,2016,Pune,3,24,Male,No,2,0,196840
Bachelors,2018,Pune,3,24,Male,Yes,2,1,232188
Bachelors,2015,Bangalore,3,27,Female,Yes,5,1,251006
Bachelors,2018,Bangalore,3,26,Male,No,4,1,201565
Bachelors,2012,Pune,3,24,Female,No,2,1,142935
Masters,2017,New Delhi,3,27,Male,No,5,1,131531
Bachelors,2012,Bangalore,3,26,Male,No,4,0,243367
Bachelors,2013,Bangalore,3,27,Male,No,5,0,173208
Bachelors,2015,New Delhi,3,25,Female,No,3,0,269312
Bachelors,2018,Bangalore,3,24,Female,No,2,1,98390
Bachelors,2014,Bangalore,3,28,Male,No,4,0,150860
Bachelors,2013,Pune,1,26,Female,No,4,1,151161
Bachelors,2015,Bangalore,3,27,Male,No,5,0,189681
Bachelors,2013,Bangalore,3,24,Male,No,2,0,384709
Bachelors,2016,Bangalore,3,26,Male,No,4,1,85327
Bachelors,2013,Bangalore,3,25,Female,No,3,1,106538
Bachelors,2016,Bangalore,3,27,Male,Yes,5,0,52061
Bachelors,2017,Pune,3,26,Male,No,4,0,68799
Bachelors,2018,Pune,2,28,Female,No,5,1,210557
Masters,2017,Pune,2,27,Male,No,5,0,137893
Bachelors,2013,Bangalore,3,25,Female,No,3,0,205230
Bachelors,2017,Bangalore,3,24,Male,No,2,0,123202
Bachelors,2017,New Delhi,2,25,Female,No,3,0,130685
Bachelors,2018,Pune,3,27,Female,No,5,1,57574
Bachelors,2016,Pune,3,27,Male,No,5,0,80829
Bachelors,2013,Bangalore,1,24,Male,No,2,0,280867
Bachelors,2012,Bangalore,1,28,Male,No,3,0,295601
Bachelors,2016,Pune,2,28,Female,No,3,1,340866
Bachelors,2016,Pune,3,24,Male,No,2,0,381734
Bachelors,2017,Bangalore,3,28,Male,No,3,0,193070
Bachelors,2017,Pune,2,28,Male,No,3,0,391920
Bachelors,2017,Bangalore,3,25,Female,No,3,1,83397
Bachelors,2015,Bangalore,3,25,Male,No,3,0,186474
Masters,2013,New Delhi,3,25,Male,No,3,1,182323
Bachelors,2017,Bangalore,3,24,Male,No,2,0,207715
Bachelors,2013,Pune,3,27,Male,No,5,0,222051
Bachelors,2013,Pune,2,24,Female,No,2,1,291557
Bachelors,2017,Bangalore,3,28,Male,No,1,1,217503
Bachelors,2012,Bangalore,3,25,Male,No,3,0,348298
Bachelors,2014,Pune,3,26,Male,No,4,0,309824
Bachelors,2015,Pune,1,24,Female,No,2,1,231249
Masters,2013,New Delhi,3,24,Female,Yes,2,1,150282
Bachelors,2014,Bangalore,3,25,Male,No,3,0,171502
Bachelors,2017,New Delhi,2,26,Male,No,4,0,247311
Bachelors,2014,Bangalore,3,25,Male,No,3,0,242287
Masters,2013,New Delhi,3,25,Male,No,3,1,393963
Bachelors,2014,Bangalore,3,24,Male,No,2,0,386603
Bachelors,2014,Pune,2,28,Female,No,3,1,269960
Masters,2015,New Delhi,3,28,Male,No,2,0,367056
Bachelors,2015,Bangalore,3,28,Male,No,5,0,201768
Bachelors,2017,Bangalore,3,24,Male,No,2,0,297615
Bachelors,2014,Pune,3,27,Male,No,5,0,263713
Bachelors,2015,Pune,2,28,Female,No,5,1,
Masters,2017,New Delhi,2,26,Female,No,4,1,380863
Bachelors,2016,New Delhi,3,26,Female,No,4,0,133789
Bachelors,2016,Bangalore,3,26,Female,No,4,0,283137
Bachelors,2013,New Delhi,3,27,Female,No,5,0,161472
Bachelors,2014,Bangalore,3,28,Male,No,3,0,369226
Bachelors,2017,New Delhi,3,25,Male,No,3,0,63365
Bachelors,2015,Bangalore,1,27,Male,No,5,0,391136
Bachelors,2013,Bangalore,3,26,Male,No,4,0,
Bachelors,2014,Bangalore,3,24,Female,No,2,0,115947
Bachelors,2014,Pune,2,26,Male,No,4,0,370166
Bachelors,2013,Bangalore,3,24,Male,No,2,1,145845
Bachelors,2012,Bangalore,3,25,Male,No,3,0,349703
Bachelors,2012,Bangalore,3,27,Male,Yes,5,0,341587
Bachelors,2012,,3,28,Male,No,1,0,132231
Masters,2017,New Delhi,2,25,Female,No,3,1,77400
Bachelors,2014,Bangalore,3,25,Male,No,3,0,325297
Bachelors,2016,Pune,2,27,Female,No,5,1,
Bachelors,2017,Pune,3,28,Male,No,3,0,380890
Masters,2017,New Delhi,3,28,Male,No,2,0,219382
PHD,2018,Pune,3,26,Male,No,4,1,53571
Masters,2017,New Delhi,2,24,Male,No,2,1,249798
Bachelors,2014,Bangalore,3,28,Male,No,0,0,343537
Masters,2015,Pune,3,26,Female,No,4,0,52946
Bachelors,2016,Bangalore,3,27,Male,No,5,1,155207
Bachelors,2016,New Delhi,3,28,Female,No,4,0,318678
Bachelors,2012,Pune,3,26,Male,No,4,0,
Masters,2015,Bangalore,2,27,Female,No,5,1,149655
Masters,2017,Pune,1,28,Male,No,0,0,165364
Masters,2015,New Delhi,3,28,Female,No,2,0,92929
Bachelors,2017,Bangalore,3,26,Male,No,4,1,228102
Bachelors,2017,Pune,3,28,Female,No,4,1,53787
Bachelors,2015,Pune,3,25,Male,No,3,0,162733
Masters,2017,New Delhi,2,27,Female,No,5,0,252450
Masters,2015,Pune,2,27,Female,No,5,0,218935
Bachelors,2015,Bangalore,3,25,Male,No,3,1,210748
Bachelors,2013,Bangalore,3,28,Female,No,1,0,362421
Bachelors,2015,Pune,3,25,Female,No,3,1,111326
Bachelors,2012,Bangalore,3,28,Female,No,2,1,184810
Bachelors,2016,Pune,3,27,Female,No,5,1,112302
Bachelors,2016,,3,26,Male,No,4,0,229677
PHD,2018,New Delhi,3,26,Male,No,4,1,367012
Bachelors,2017,Bangalore,3,27,Male,No,5,0,65102
Bachelors,2018,Pune,3,28,Male,No,2,1,346596
Bachelors,2013,Bangalore,3,24,Male,No,2,0,355255
Bachelors,2013,New Delhi,3,26,Male,No,4,0,399785
Bachelors,2013,Bangalore,3,28,Male,Yes,1,0,266986
Masters,2017,New Delhi,2,28,Female,No,2,0,304682
Bachelors,2016,Bangalore,1,24,Male,No,2,0,66951
Bachelors,2017,Bangalore,3,27,Male,No,5,0,201842
Bachelors,2014,Pune,2,27,Female,No,5,1,116928
Bachelors,2017,Bangalore,3,27,Male,No,5,0,346832
Bachelors,2017,New Delhi,3,27,Male,No,5,0,257880
Masters,2018,New Delhi,3,24,Male,No,2,1,322958
Bachelors,2016,Bangalore,3,26,Male,No,4,1,393506
Bachelors,2017,Bangalore,3,28,Male,Yes,3,0,89435
Bachelors,2017,New Delhi,3,26,Female,No,4,0,353679
Bachelors,2016,Pune,3,28,Male,No,3,0,232656
Bachelors,2015,New Delhi,3,26,Male,No,4,0,64713
Bachelors,2014,Bangalore,3,26,Male,No,4,1,327481
Bachelors,2017,Pune,2,24,Female,No,2,1,356502
Bachelors,2016,Bangalore,3,26,Male,No,4,1,289273
PHD,2016,New Delhi,1,26,Male,No,4,0,258825
Bachelors,2018,Bangalore,3,24,Female,No,2,1,324847
Bachelors,2017,Bangalore,2,28,Female,No,1,0,297692
Bachelors,2013,Bangalore,3,24,Female,No,2,0,347838
Masters,2014,New Delhi,3,25,Female,No,3,0,335805
Bachelors,2012,Pune,1,26,Male,No,4,0,267517
Bachelors,2014,Bangalore,3,28,Male,No,5,0,212859
Bachelors,2013,Bangalore,3,28,Male,No,2,1,188253
Masters,2017,Pune,2,27,Male,No,5,0,219029
Bachelors,2016,Bangalore,3,28,Male,Yes,0,0,278262
Bachelors,2014,New Delhi,3,25,Male,No,3,0,255896
Bachelors,2013,Bangalore,3,25,Female,No,3,1,210886
Bachelors,2017,Bangalore,3,24,Female,No,2,1,257447
Bachelors,2015,Bangalore,3,26,Female,No,4,0,360431
Bachelors,2014,,3,28,Male,No,4,0,247772
Bachelors,2017,New Delhi,2,28,,No,0,0,320880
Masters,2017,New Delhi,3,24,Female,No,2,0,207442
PHD,2017,,3,27,Male,No,5,0,163576
Bachelors,2015,Bangalore,3,28,Female,No,5,0,378904
Bachelors,2017,New Delhi,3,25,Female,No,3,0,105751
Masters,2017,Bangalore,3,25,Male,No,3,0,234887
Masters,2017,Bangalore,1,26,Male,No,4,0,351225
Bachelors,2014,Bangalore,3,25,Male,No,3,1,55441
Bachelors,2016,Bangalore,3,27,Male,No,5,1,386350
Bachelors,2013,Bangalore,3,24,Male,No,2,0,199647
Bachelors,2012,Bangalore,3,25,Male,No,3,0,224281
Bachelors,2014,Pune,3,25,Male,No,3,1,304654
Bachelors,2018,Bangalore,3,25,Female,No,3,1,156843
Masters,2012,Pune,3,26,Male,No,4,1,95632
PHD,2016,Bangalore,3,25,Male,No,3,0,384282
Bachelors,2015,Bangalore,3,25,,No,3,0,94934
Bachelors,2017,,2,25,Male,No,3,1,119230
Bachelors,2015,New Delhi,3,27,Female,No,5,0,251832
Bachelors,2017,,3,26,Male,No,4,0,89346
Bachelors,2016,Pune,3,26,Male,No,4,0,324013
Bachelors,2018,Bangalore,3,26,Male,No,4,1,157080
Masters,2018,New Delhi,3,25,Female,No,3,1,196164
Masters,2017,Pune,2,25,Male,No,3,0,144941
Masters,2014,Bangalore,3,24,Female,No,2,0,390762
Bachelors,2014,Pune,3,28,Female,No,2,1,322224
Bachelors,2012,Bangalore,3,26,Male,No,4,0,353799
Bachelors,2017,Pune,3,26,Male,No,4,0,253744
Bachelors,2014,Pune,2,28,Female,No,0,1,186215
Bachelors,2017,New Delhi,3,25,Female,Yes,3,0,194292
Bachelors,2014,Bangalore,3,25,Male,No,3,0,273170
Bachelors,2012,Bangalore,3,26,Male,No,4,0,262892
Bachelors,2014,Bangalore,3,26,Male,No,4,0,299748
Bachelors,2017,Bangalore,3,26,Female,No,4,0,264489
Masters,2017,,2,26,Male,No,4,1,134307
Bachelors,2017,New Delhi,3,25,Female,No,3,0,50136
Bachelors,2018,Bangalore,3,25,Male,No,3,1,117000
Bachelors,2014,New Delhi,3,27,Female,No,5,0,295922
Bachelors,2017,Bangalore,3,28,Male,No,5,0,290537
Bachelors,2015,Bangalore,1,24,Female,No,2,0,121615
Bachelors,2013,Bangalore,3,27,Male,No,5,1,219125
Bachelors,2018,Bangalore,3,26,Female,No,4,1,149649
Masters,2017,New Delhi,2,28,Female,No,2,0,281292
Bachelors,2016,Pune,3,28,Female,No,4,1,396731
Bachelors,2016,Bangalore,3,25,Male,No,3,0,318310
Bachelors,2015,Pune,3,27,Female,Yes,5,1,318592
Bachelors,2015,,3,26,Male,No,4,1,50829
Bachelors,2015,Pune,3,28,Female,Yes,5,1,266111
Bachelors,2013,Pune,3,27,Male,No,5,0,284783
Masters,2017,Pune,2,25,Male,No,3,0,373910
Bachelors,2015,Pune,2,25,Female,Yes,3,1,192793
Bachelors,2015,Pune,2,24,Female,No,2,1,267779
Masters,2017,New Delhi,2,28,Female,No,2,0,375122
Bachelors,2014,New Delhi,3,24,Female,No,2,0,311682
Bachelors,2012,Bangalore,3,27,Male,No,5,1,269728
Bachelors,2015,Pune,2,28,Female,No,5,1,367125
Bachelors,2015,New Delhi,2,27,Female,No,5,1,126823
Bachelors,2017,Bangalore,3,24,Female,No,2,0,138365
Masters,2016,New Delhi,3,25,Female,No,3,0,163720
Bachelors,2012,Pune,3,24,Male,Yes,2,0,111505
Bachelors,2015,New Delhi,3,24,Female,No,2,0,170805
Bachelors,2015,Pune,2,26,Female,No,4,1,51044
Masters,2017,Pune,2,27,Female,No,5,0,341314
Bachelors,2013,Bangalore,1,24,Female,No,2,1,147261
PHD,2017,Pune,3,28,Male,No,1,0,240445
Bachelors,2017,Bangalore,3,24,Female,No,2,0,122452
Bachelors,2015,Pune,2,24,Female,No,2,1,206273
Bachelors,2017,Bangalore,3,27,Male,No,5,0,90921
Bachelors,2016,New Delhi,3,28,Male,No,4,0,174325
Masters,2017,New Delhi,2,28,Female,No,2,0,260575
PHD,2014,New Delhi,3,24,Male,No,2,0,221408
Bachelors,2013,Bangalore,3,26,Female,No,4,0,305934
Masters,2014,New Delhi,3,24,Male,No,2,0,218974
Bachelors,2013,New Delhi,3,24,Female,No,2,0,207943
Masters,2017,New Delhi,3,26,Male,No,4,1,147873
Bachelors,2014,Pune,2,27,Male,No,5,0,379638
Masters,2013,Bangalore,3,25,Male,No,3,1,83021
Masters,2012,New Delhi,3,27,Female,No,5,1,172127
Masters,2017,Bangalore,2,25,Male,No,3,0,230708
Bachelors,2012,New Delhi,3,28,Male,No,5,0,284446
Bachelors,2014,Bangalore,3,28,Male,No,0,0,54860
Bachelors,2017,New Delhi,3,28,Female,No,4,0,288789
Bachelors,2016,Pune,3,27,Male,No,5,1,115902
Bachelors,2017,New Delhi,2,27,Female,No,5,0,254797
PHD,2014,Bangalore,3,28,Female,No,0,0,137354
Bachelors,2013,Pune,2,25,Male,No,3,1,100019
Bachelors,2017,Pune,3,28,Male,No,3,0,363887
Bachelors,2012,Bangalore,3,27,Male,No,5,0,234802
Bachelors,2013,Bangalore,2,24,Female,No,2,1,334398
Masters,2017,New Delhi,2,25,Male,No,3,0,106458
Bachelors,2014,Pune,3,24,Male,No,2,0,312154
Bachelors,2013,New Delhi,1,25,Female,No,3,1,75058
Bachelors,2015,Pune,3,28,Male,No,2,0,103071
Masters,2017,New Delhi,3,28,Male,No,1,1,238891
Bachelors,2017,New Delhi,2,27,Female,No,5,0,99647
Bachelors,2018,Pune,3,24,Male,No,2,1,113278
Bachelors,2013,Bangalore,3,26,Male,No,4,0,329734
Bachelors,2017,Bangalore,3,27,Female,Yes,5,0,236921
Masters,2017,New Delhi,1,26,Female,No,4,1,103826
Masters,2017,Bangalore,2,26,Female,No,4,0,231989
Bachelors,2013,Pune,3,26,Male,No,4,0,167208
Masters,2014,New Delhi,1,25,Female,No,3,0,169631
Bachelors,2014,Bangalore,3,27,Male,No,5,0,224745
Bachelors,2016,Bangalore,3,25,Male,No,3,0,261085
Bachelors,2016,Bangalore,3,27,Male,No,5,0,326695
Bachelors,2015,Bangalore,3,28,Female,No,5,0,242564
Masters,2012,New Delhi,3,25,Male,No,3,1,354544
Bachelors,2013,Bangalore,3,28,Male,No,2,1,232695
Bachelors,2014,Bangalore,1,25,Male,No,3,0,129453
Bachelors,2014,Pune,3,26,Male,No,4,0,221916
Bachelors,2013,Pune,3,28,Male,No,0,0,282591
Bachelors,2015,Bangalore,3,27,Male,Yes,5,0,187018
Bachelors,2014,Pune,1,28,Female,No,3,1,296390
Masters,2017,Pune,2,25,Female,No,3,1,160448
Masters,2013,New Delhi,3,28,Female,No,2,0,358872
Masters,2017,Bangalore,2,27,Female,No,5,1,66039
Bachelors,2015,Bangalore,3,27,Male,No,5,0,280083
Bachelors,2012,Bangalore,3,27,Male,No,5,0,297841
Bachelors,2014,Bangalore,3,26,Male,No,4,0,66649
Bachelors,2013,New Delhi,3,26,Female,No,4,0,71289
Bachelors,2012,Bangalore,3,27,Male,No,5,0,370210
Bachelors,2013,Bangalore,3,26,Female,No,4,0,238297
Masters,2017,New Delhi,2,28,Female,No,3,0,285208
Bachelors,2017,New Delhi,2,26,Male,No,4,0,385045
Bachelors,2013,Pune,2,27,Female,No,5,1,59557
Masters,2015,Bangalore,3,27,Female,No,5,0,218850
Masters,2017,Pune,3,27,Female,No,5,1,370939
Bachelors,2016,Bangalore,3,27,Male,No,5,0,117993
Bachelors,2012,Bangalore,3,27,Male,No,5,0,363631
Bachelors,2014,Bangalore,3,25,Female,No,3,0,257493
Bachelors,2016,Bangalore,3,26,Female,No,4,0,208095
Bachelors,2016,Bangalore,3,26,Female,No,4,0,97346
Bachelors,2014,New Delhi,3,26,Male,No,4,0,360181
Bachelors,2014,Bangalore,3,28,Male,No,3,0,253430
